farm_id,crop_type,county,irrigation_type,cooperative_member,farm_size_acres,years_farming_experience,num_workers_employed,rainfall_mm,soil_quality_score,market_distance_km,machinery_value_kes,fertilizer_spend_kes,pesticide_spend_kes,irrigation_maintenance_cost_kes,annual_farm_income_kes
1,Tea,Uasin Gishu,Drip,No,7.26,10.0,1,1345.0,,5.7,31304.0,22569.0,11598.0,20609.323556846746,240514.0
2,Tea,Nakuru,Drip,No,15.73,39.8,4,739.0,38.0002994834873,11.3,156636.0,52716.0,13887.0,2849.9056045357866,562457.0
3,Tea,Uasin Gishu,None,No,7.75,3.3,2,1101.0,57.1360483278569,29.3,15966.0,28291.0,10697.0,,176021.0
4,Coffee,Nakuru,None,No,3.9,30.6,1,831.0,73.59345948517493,14.1,29920.0,16108.0,5383.0,,283876.0
5,Tea,Kericho,Manual,No,10.49,9.3,1,967.0,54.49854862175642,6.0,115136.0,28664.0,4486.0,3207.3552237769172,242651.0
6,Tea,Nakuru,Automated,Yes,3.73,6.2,1,903.0,93.73175161867879,18.7,35386.0,9607.0,1231.0,10881.637797904934,357526.0
7,Maize,Nakuru,Drip,No,19.38,20.9,4,1092.0,44.295982290983815,14.7,126636.0,71071.0,30506.0,9817.088324300661,201521.0
8,Tea,Kericho,None,No,1.31,14.5,0,943.0,49.58555459702882,4.9,13899.0,3239.0,1985.0,,212389.0
9,Maize,Nakuru,None,Yes,5.45,15.9,0,959.0,66.70132469604012,17.0,48979.0,17581.0,5309.0,,210943.0
10,Maize,Meru,None,Yes,12.91,8.9,3,741.0,36.63235394096145,4.2,104188.0,41849.0,17101.0,,168628.0
11,Maize,Kiambu,Manual,Yes,11.76,3.4,4,747.0,40.39463373533042,38.6,112265.0,31142.0,21046.0,5214.695730616814,163532.0
12,Dairy,Meru,None,No,3.6,21.1,1,1109.0,66.51081446375827,21.8,42288.0,14815.0,6842.0,,177320.0
13,Horticulture,Uasin Gishu,Drip,No,6.35,12.0,2,730.0,32.971840450992225,10.4,79677.0,7288.0,8605.0,12324.223630265986,364514.0
14,Coffee,Kericho,Manual,No,5.9,13.5,1,986.0,67.77822648258828,6.7,41906.0,21976.0,9236.0,5568.217111252064,166446.0
15,Maize,Kiambu,Drip,Yes,4.8,8.5,1,1087.0,52.40727815789515,3.8,26715.0,15850.0,5949.0,12548.785235057161,309023.0
16,Tea,Uasin Gishu,Drip,Yes,11.33,8.6,5,779.0,63.041970748337974,4.7,127145.0,20347.0,29853.0,20510.17132333074,262551.0
17,Tea,Kericho,Manual,No,9.31,15.8,5,951.0,28.70495625399961,23.4,89377.0,42580.0,18903.0,2035.7968700933725,235116.0
18,Maize,Other,Automated,No,11.91,15.6,3,680.0,50.03720606154019,7.3,105830.0,20013.0,20327.0,9198.851502965716,217646.0
19,Tea,Nakuru,None,Yes,14.5,9.1,5,1010.0,,2.9,49825.0,34264.0,26883.0,,127321.0
20,Tea,Other,Manual,Yes,3.06,11.2,1,1079.0,82.93229941113226,16.4,22902.0,9709.0,5505.0,18264.290756854443,193432.0
21,Tea,Uasin Gishu,None,Yes,1.43,5.8,0,1004.0,57.15929412821714,22.3,25224.0,4109.0,1784.0,,121353.0
22,Horticulture,Meru,Automated,No,1.34,18.4,0,1035.0,,13.5,4690.0,5026.0,1127.0,9386.150603926137,247606.0
23,Tea,Uasin Gishu,Manual,Yes,12.0,6.4,5,809.0,54.342599103597884,10.6,81081.0,25413.0,15492.0,3748.5250044624545,168221.0
24,Tea,Uasin Gishu,Manual,Yes,8.22,8.9,4,973.0,54.68098885280805,5.7,75752.0,33279.0,8114.0,2858.883037544586,362091.0
25,Tea,Kiambu,Drip,No,2.74,11.4,0,1175.0,,30.9,22623.0,6289.0,2897.0,12278.547862095807,278977.0
26,Dairy,Other,Drip,Yes,1.85,26.3,2,943.0,,17.3,24668.0,8643.0,3665.0,19150.510297358494,345476.0
27,Horticulture,Kiambu,Automated,Yes,8.34,8.6,5,1034.0,67.86892291248147,11.3,52019.0,22303.0,10978.0,16314.043475393717,291156.0
28,Maize,Kericho,Manual,Yes,9.11,19.6,1,924.0,98.02104597542746,8.4,78829.0,33502.0,10714.0,8430.743077529298,305082.0
29,Tea,Nakuru,None,Yes,21.2,5.9,5,1302.0,68.2453630494771,12.0,222349.0,72064.0,37512.0,,336329.0
30,Dairy,Kericho,Manual,No,21.98,13.8,5,782.0,,42.2,260509.0,25773.0,21598.0,11588.886909326973,176994.0
31,Horticulture,Other,None,No,21.2,18.7,7,870.0,64.63985962113685,11.5,205735.0,95636.0,28185.0,,249461.0
32,Maize,Kericho,Automated,No,10.88,12.4,3,934.0,76.45952238062794,6.3,101366.0,23431.0,15097.0,8153.477250866461,513721.0
33,Dairy,Kericho,None,No,8.62,13.4,2,1271.0,57.55460057673674,15.3,104507.0,21069.0,12607.0,,127626.0
34,Coffee,Kiambu,None,No,11.21,2.2,2,965.0,70.45413029082319,1.9,93785.0,39318.0,18790.0,,121806.0
35,Maize,Other,None,No,4.73,4.8,1,633.0,62.40561539973179,7.5,94328.0,14890.0,7708.0,,64544.0
36,Maize,Kericho,Automated,No,3.14,25.5,0,836.0,49.90249611723693,25.3,10554.0,11121.0,3426.0,3113.384091364773,356047.0
37,Tea,Kiambu,Manual,Yes,0.68,14.2,0,986.0,78.86941387027866,7.7,1917.0,1811.0,299.0,8001.141574021163,178702.0
38,Horticulture,Kericho,None,Yes,7.81,6.3,0,811.0,30.492934322527674,19.8,76058.0,35606.0,8811.0,,174276.0
39,Tea,Kericho,Automated,No,5.55,12.6,0,945.0,74.41445399355726,28.1,57886.0,18650.0,6217.0,18258.676950960784,474624.0
40,Coffee,Kericho,Automated,Yes,5.35,21.3,1,1211.0,39.84053166351572,8.9,82735.0,20185.0,6412.0,13633.736274811752,598487.0
41,Maize,Kericho,Drip,Yes,2.29,3.9,0,1096.0,63.50770296653438,26.4,15071.0,6932.0,2625.0,3265.761640283644,208379.0
42,Coffee,Kericho,None,Yes,5.57,17.2,0,1140.0,85.51252851436908,5.5,64990.0,21360.0,7831.0,,381244.0
43,Maize,Other,Manual,Yes,8.63,11.3,2,730.0,53.35866667732971,4.2,91725.0,35300.0,2051.0,10611.13873438104,128815.0
44,Tea,Nakuru,Manual,No,8.06,11.4,0,1094.0,66.51373089600898,11.7,48459.0,23553.0,10024.0,5662.387935067549,228430.0
45,Horticulture,Nakuru,Drip,Yes,13.69,8.9,4,763.0,88.58281367048052,7.1,121077.0,43363.0,15920.0,16148.570518527544,282536.0
46,Tea,Kericho,None,Yes,5.24,8.8,1,1170.0,58.30328218637831,7.1,9489.0,15588.0,7100.0,,370085.0
47,Coffee,Nakuru,Drip,Yes,2.21,28.4,0,950.0,71.12485191523808,12.2,33029.0,6176.0,1767.0,4964.785877575041,612734.0
48,Maize,Nakuru,Automated,Yes,4.65,26.8,2,501.0,39.28186428231076,36.1,73817.0,16554.0,9876.0,998.980716934028,288072.0
49,Horticulture,Uasin Gishu,Manual,Yes,2.02,14.7,0,967.0,60.111795654986636,10.5,41788.0,8371.0,3464.0,11446.525224250801,363258.0
50,Maize,Meru,None,Yes,6.15,5.0,1,868.0,51.65486980872387,6.9,101409.0,8385.0,9432.0,,151596.0
51,Maize,Nakuru,Drip,Yes,1.6,22.4,2,861.0,47.70417566935817,7.4,23932.0,4944.0,2873.0,1831.1664729672439,432505.0
52,Maize,Meru,Manual,No,5.53,14.8,3,1047.0,52.81283555981447,1.0,47696.0,19751.0,11127.0,5009.514146770955,227648.0
53,Horticulture,Kericho,Manual,No,1.32,6.6,1,882.0,55.948701505501894,16.4,0.0,3199.0,729.0,11333.009817841554,184581.0
54,Horticulture,Nakuru,Drip,Yes,8.02,13.8,2,567.0,86.43672615814407,20.9,63254.0,23845.0,14397.0,5640.618238973513,361606.0
55,Maize,Other,Manual,Yes,3.78,33.1,0,931.0,46.074959996191645,25.9,9653.0,11083.0,5053.0,10909.537861023386,413271.0
56,Maize,Kericho,Automated,No,21.29,32.7,6,625.0,44.52840670652376,29.8,171157.0,75516.0,24284.0,5154.83750645642,415420.0
57,Maize,Uasin Gishu,Manual,No,3.79,26.5,1,451.0,60.91222176350034,46.9,55652.0,7008.0,1087.0,3411.2425841531517,234854.0
58,Maize,Other,Automated,Yes,2.92,4.9,1,794.0,44.35298317747459,37.5,1819.0,13487.0,4032.0,3116.262815426696,142564.0
59,Coffee,Other,Manual,Yes,3.18,16.5,0,663.0,78.85895955246413,20.3,40368.0,11876.0,2673.0,19943.92998380282,193411.0
60,Horticulture,Meru,Drip,Yes,5.34,4.5,2,1328.0,5.0,29.6,37118.0,16004.0,8724.0,25210.389580397015,287822.0
61,Dairy,Nakuru,Drip,Yes,8.65,3.7,3,1086.0,75.32559934008557,16.2,29757.0,26934.0,14477.0,10842.310565790976,295660.0
62,Dairy,Kiambu,Manual,No,11.34,6.8,4,1062.0,57.32268538185916,2.1,91836.0,35748.0,10518.0,2147.984457986785,153357.0
63,Tea,Other,Manual,Yes,13.07,20.1,3,782.0,59.379380928521186,21.5,85157.0,51760.0,16335.0,10147.993910749761,197869.0
64,Horticulture,Kiambu,None,No,23.87,6.2,6,960.0,80.6947580857568,19.0,249331.0,52015.0,49584.0,,287066.0
65,Dairy,Kericho,Drip,Yes,4.22,14.2,1,843.0,49.72079795807972,13.5,10468.0,13156.0,5579.0,22557.16569948338,173733.0
66,Maize,Other,None,No,5.35,7.1,1,637.0,50.92980258247067,16.1,39242.0,13698.0,8325.0,,73203.0
67,Tea,Nakuru,None,Yes,10.41,7.5,3,1128.0,60.807350341163534,7.1,94086.0,35686.0,13994.0,,378109.0
68,Dairy,Meru,None,Yes,6.28,7.1,0,501.0,65.44713074264826,28.0,48278.0,13312.0,5762.0,,109881.0
69,Maize,Meru,None,Yes,1.23,21.2,3,976.0,50.72584257834497,28.8,26081.0,3622.0,2573.0,,157159.0
70,Horticulture,Other,Manual,No,7.3,7.2,2,826.0,79.98448416813062,8.1,73923.0,13698.0,16453.0,6936.167601429019,219664.0
71,Horticulture,Meru,None,Yes,3.77,13.5,2,1089.0,43.29883530484416,21.5,28663.0,12344.0,7449.0,,213416.0
72,Coffee,Kiambu,Automated,No,7.02,20.2,3,1127.0,61.14486363002947,11.5,84310.0,32566.0,417.0,13062.072078321135,593562.0
73,Dairy,Meru,None,No,13.32,10.9,3,1256.0,53.66432526513126,14.7,108475.0,44816.0,19913.0,,257638.0
74,Horticulture,Meru,Drip,No,3.18,9.0,0,658.0,83.86083497325558,14.1,44653.0,10125.0,4759.0,13488.842371547184,229073.0
75,Dairy,Other,None,Yes,8.39,10.7,2,979.0,81.83792171627513,11.7,110253.0,27136.0,18456.0,,161354.0
76,Coffee,Nakuru,Manual,No,3.35,17.3,2,935.0,41.59447583411951,15.1,56387.0,11826.0,4227.0,12857.136012598074,1232762.0
77,Dairy,Nakuru,Manual,No,3.11,9.1,2,953.0,45.699842089241685,19.7,35636.0,7719.0,4732.0,2236.8367417596633,226066.0
78,Coffee,Kiambu,Manual,Yes,9.67,7.3,4,722.0,47.222982336200424,6.7,83908.0,25752.0,12323.0,7164.845530845622,134078.0
79,Horticulture,Kericho,Automated,Yes,2.91,11.7,1,975.0,65.27332489380234,18.9,24924.0,10424.0,5234.0,4077.6482815882555,385767.0
80,Maize,Kericho,Manual,Yes,5.43,4.4,1,855.0,100.0,1.9,69218.0,20304.0,7113.0,9954.113836255807,181707.0
81,Coffee,Meru,None,No,5.79,9.2,4,988.0,54.47390317958012,2.7,53236.0,15287.0,11357.0,,128129.0
82,Maize,Nakuru,Automated,Yes,11.71,6.8,3,1062.0,71.41463334247416,10.7,119112.0,27982.0,24435.0,5636.501627466412,400613.0
83,Maize,Kericho,Drip,Yes,11.26,4.2,4,952.0,80.8032075196893,21.0,69985.0,35780.0,20008.0,1988.125830706154,116485.0
84,Dairy,Meru,None,Yes,6.39,17.9,1,874.0,73.6263665784834,45.4,72230.0,22453.0,5545.0,,203369.0
85,Tea,Other,None,No,0.5,4.8,0,764.0,49.3755904316369,22.8,0.0,1622.0,432.0,,128151.0
86,Maize,Kericho,None,Yes,8.45,7.7,2,1205.0,69.7818197330623,1.0,70090.0,34601.0,15349.0,,157074.0
87,Maize,Uasin Gishu,None,Yes,6.67,22.1,2,844.0,,8.5,77209.0,13573.0,7554.0,,212502.0
88,Horticulture,Nakuru,Drip,No,6.28,21.5,2,1096.0,68.52825604628732,9.1,38332.0,20883.0,7559.0,8988.968580858133,553530.0
89,Maize,Meru,None,No,11.73,3.7,3,682.0,54.50035681492291,18.1,148553.0,13471.0,17492.0,,101565.0
90,Horticulture,Other,Automated,Yes,6.32,40.3,3,862.0,39.89037908309633,13.1,6910.0,26728.0,5013.0,15944.85956280078,933500.0
91,Maize,Nakuru,None,Yes,1.8,25.1,0,774.0,45.0969618119278,6.7,29288.0,9358.0,2038.0,,196488.0
92,Dairy,Kiambu,None,No,4.49,11.1,2,1396.0,43.07818693794964,21.4,36556.0,17169.0,8939.0,,181425.0
93,Coffee,Other,Manual,No,4.13,8.8,0,769.0,77.14930533761027,21.1,31604.0,13919.0,6734.0,9494.118268920092,682621.0
94,Maize,Uasin Gishu,Automated,No,6.06,5.9,4,1253.0,70.40853574427632,13.9,63481.0,19864.0,9231.0,2535.9488211729454,230543.0
95,Coffee,Uasin Gishu,Drip,No,8.91,18.2,3,1061.0,73.50089269277882,13.2,106959.0,28827.0,10887.0,23910.43690857609,217953.0
96,Maize,Meru,Drip,Yes,20.5,15.1,3,808.0,55.9169545703228,7.6,169948.0,82502.0,26524.0,4041.218380976372,215640.0
97,Maize,Kiambu,Manual,No,12.67,18.7,0,1059.0,99.66967624421282,7.3,167855.0,42467.0,2530.0,2324.8582489458563,329129.0
98,Coffee,Nakuru,None,No,7.22,3.9,1,660.0,56.985905423722635,15.4,64664.0,27290.0,9947.0,,130695.0
99,Coffee,Other,Drip,Yes,9.23,17.5,2,857.0,60.627730111579616,27.6,99574.0,38593.0,8774.0,9543.971573987474,326099.0
100,Coffee,Other,Manual,Yes,3.93,22.0,0,939.0,70.5128981634531,23.4,41943.0,10340.0,6714.0,3315.4150915835876,338417.0
101,Maize,Kiambu,Drip,No,4.73,7.1,0,741.0,58.1444434464617,8.1,90016.0,13799.0,10572.0,12161.380664038958,238553.0
102,Horticulture,Meru,None,Yes,12.63,2.7,6,792.0,,5.8,143046.0,43201.0,24409.0,,178574.0
103,Maize,Meru,None,No,5.23,21.0,2,817.0,48.408094860512314,31.3,68567.0,22714.0,5367.0,,143339.0
104,Coffee,Kiambu,None,Yes,5.57,17.7,1,988.0,95.83995975920476,46.3,71790.0,16251.0,3724.0,,226002.0
105,Horticulture,Nakuru,Manual,No,8.22,19.9,1,1013.0,94.30422123740911,6.6,107837.0,36015.0,10563.0,9806.481077860564,400056.0
106,Tea,Nakuru,Drip,No,10.11,13.1,2,1340.0,57.64332083558185,11.4,97799.0,23804.0,12163.0,10007.062065479717,316970.0
107,Horticulture,Meru,Drip,Yes,5.41,26.8,2,952.0,79.63154117870792,11.4,18690.0,22856.0,6289.0,11437.93333182505,670956.0
108,Tea,Kiambu,Drip,Yes,12.73,7.7,1,1150.0,58.94312069526807,43.1,107048.0,29632.0,9119.0,5328.07868784077,252463.0
109,Tea,Kiambu,Drip,Yes,4.19,17.1,0,1094.0,54.27473989146793,5.4,31396.0,17668.0,9580.0,1994.504601038353,298992.0
110,Coffee,Kiambu,Drip,Yes,4.91,24.7,1,982.0,54.88101344478205,10.7,48507.0,15931.0,6539.0,11579.23000179527,541781.0
111,Coffee,Nakuru,None,No,2.11,4.0,1,1266.0,75.8068270819389,4.8,15161.0,6941.0,3262.0,,159257.0
112,Maize,Other,None,Yes,3.53,14.8,0,1298.0,65.36676121117367,3.1,40520.0,11733.0,6502.0,,352703.0
113,Coffee,Meru,None,No,10.61,11.5,5,408.0,26.850269629493376,7.3,125491.0,50195.0,18979.0,,88331.0
114,Coffee,Nakuru,Manual,Yes,4.49,30.7,2,759.0,,26.9,39617.0,9206.0,8326.0,14699.83297892831,405360.0
115,Maize,Nakuru,None,No,7.2,5.1,1,1352.0,73.41685264256081,11.5,63483.0,26224.0,9041.0,,121398.0
116,Maize,Nakuru,None,No,6.8,14.4,1,436.0,94.2688493602596,36.5,45018.0,15395.0,12856.0,,147379.0
117,Tea,Uasin Gishu,Drip,Yes,5.13,32.6,1,1112.0,50.729271346638924,19.9,44505.0,11953.0,7847.0,2942.7663607993964,360108.0
118,Dairy,Kericho,Drip,No,8.47,10.9,3,864.0,73.50844964530336,11.9,54120.0,20246.0,3469.0,5251.389402019181,501346.0
119,Coffee,Other,Drip,Yes,3.6,6.9,0,751.0,69.66576818525026,24.4,25671.0,12341.0,7813.0,10914.433837847835,141143.0
120,Coffee,Meru,None,Yes,16.44,1.4,4,1277.0,9.330673061099006,8.9,182946.0,54512.0,9204.0,,177588.0
121,Tea,Kericho,Drip,No,20.3,3.3,7,1041.0,61.39538423831744,32.9,256190.0,50030.0,34583.0,15683.379039672544,283440.0
122,Dairy,Meru,None,Yes,4.91,4.3,2,645.0,100.0,1.0,56432.0,17417.0,9557.0,,322266.0
123,Tea,Kericho,Manual,No,7.81,2.3,3,812.0,55.76272235105287,10.9,64923.0,28167.0,12194.0,9606.636290897372,162387.0
124,Horticulture,Nakuru,Drip,Yes,26.45,14.4,6,1110.0,62.11840281517302,25.3,289277.0,133274.0,24737.0,14513.388107102788,236089.0
125,Coffee,Nakuru,Drip,No,14.68,5.5,6,1203.0,60.267210013049464,14.7,105456.0,48235.0,17974.0,5644.769607905012,259956.0
126,Coffee,Uasin Gishu,Drip,No,6.69,31.9,1,1123.0,62.65446350195823,12.4,89177.0,20186.0,8719.0,8226.574852617168,486534.0
127,Maize,Other,Automated,Yes,6.2,15.4,2,944.0,62.37572484348731,14.6,26341.0,19894.0,5347.0,2609.039547043032,236040.0
128,Maize,Other,None,Yes,8.91,14.2,0,888.0,77.82650642014636,15.0,63088.0,27204.0,14298.0,,110819.0
129,Horticulture,Kiambu,None,No,4.53,8.4,0,1087.0,93.40541498591476,18.0,57324.0,21543.0,8526.0,,330334.0
130,Tea,Nakuru,Automated,Yes,17.45,10.2,4,833.0,79.57942232137684,4.7,158988.0,69346.0,5282.0,8407.554500515813,328970.0
131,Horticulture,Meru,Drip,No,22.31,21.3,4,970.0,18.5514871865914,1.9,117674.0,88275.0,24737.0,6371.084588235616,302020.0
132,Maize,Other,Drip,No,8.35,10.8,4,1078.0,59.62759604278135,30.2,82812.0,27722.0,6705.0,9008.719921528702,109118.0
133,Maize,Nakuru,Manual,No,5.19,18.3,2,1198.0,78.37728243237946,11.9,5958.0,16271.0,7946.0,5330.6645827088105,291168.0
134,Dairy,Other,None,Yes,20.42,13.5,5,1144.0,64.52481725865215,6.5,104649.0,61595.0,36135.0,,248228.0
135,Tea,Meru,None,No,1.87,12.6,1,1113.0,,13.7,17218.0,3880.0,3107.0,,217920.0
136,Tea,Kericho,None,No,7.85,22.0,1,1432.0,48.34301059804295,8.7,89273.0,52125.0,14917.0,,223622.0
137,Tea,Kiambu,Manual,Yes,6.18,45.0,1,834.0,75.72446140674286,17.1,53041.0,15919.0,8822.0,8055.506352237082,618865.0
138,Coffee,Kiambu,None,No,3.86,18.0,1,1554.0,36.84661151998088,10.0,36607.0,9912.0,10707.0,,262831.0
139,Horticulture,Kiambu,Drip,No,2.22,13.0,2,1138.0,41.77578872905694,11.8,10738.0,6960.0,2631.0,6887.468530784568,205766.0
140,Tea,Kericho,None,Yes,7.58,12.4,4,841.0,52.45662956641803,8.4,76811.0,30159.0,9434.0,,225069.0
141,Horticulture,Meru,Drip,No,20.31,9.0,5,1123.0,35.225970927406166,14.1,176654.0,103322.0,14743.0,2114.0395602542153,157431.0
142,Tea,Uasin Gishu,None,No,4.02,5.5,0,1445.0,31.40448243118984,21.0,48145.0,12037.0,7195.0,,190328.0
143,Coffee,Uasin Gishu,Manual,Yes,3.86,15.0,0,964.0,65.4684135153521,23.9,0.0,6995.0,3567.0,8607.145714467475,335851.0
144,Horticulture,Kiambu,Manual,No,1.54,16.7,1,1348.0,62.58686585101843,10.5,16693.0,4193.0,2074.0,12017.736550402007,182549.0
145,Tea,Uasin Gishu,None,Yes,18.28,10.7,7,1196.0,65.41537747867014,4.2,80871.0,46988.0,28600.0,,213288.0
146,Dairy,Uasin Gishu,Automated,No,6.11,5.8,1,964.0,71.28311788544295,29.5,41378.0,15878.0,11444.0,14338.819321330711,150686.0
147,Dairy,Uasin Gishu,Drip,Yes,4.77,10.9,3,831.0,66.37047636403602,22.9,49559.0,19223.0,7208.0,1110.6360432323863,393649.0
148,Horticulture,Meru,Manual,No,19.71,16.7,6,532.0,34.09864153621669,10.7,200812.0,35255.0,14855.0,14386.823730324186,326838.0
149,Maize,Other,Manual,Yes,9.01,3.5,2,821.0,52.99036604089111,5.4,119200.0,21394.0,11455.0,5630.107852530427,96124.0
150,Tea,Uasin Gishu,Automated,No,5.51,9.9,2,400.0,51.746628488618185,3.9,58960.0,9575.0,10984.0,6079.496779381183,175891.0
151,Horticulture,Kericho,Manual,Yes,3.91,19.6,2,981.0,87.42961979750064,23.4,30902.0,10807.0,7651.0,12409.268127363273,510308.0
152,Coffee,Meru,Automated,Yes,10.0,10.1,2,1327.0,61.552241657541174,22.0,102154.0,34571.0,12019.0,7385.619066683086,428848.0
153,Dairy,Kiambu,None,Yes,8.33,7.5,4,1017.0,58.25869174611276,9.3,49247.0,30732.0,5885.0,,117776.0
154,Horticulture,Uasin Gishu,Manual,Yes,4.77,16.9,2,1215.0,49.55401435399925,4.2,64843.0,8280.0,6692.0,2494.939763170523,369990.0
155,Maize,Other,Manual,No,11.52,16.1,3,470.0,76.80091173044421,6.9,144974.0,32153.0,20392.0,12868.69910160028,138871.0
156,Tea,Meru,None,Yes,7.67,16.9,1,1001.0,52.26887820273757,17.7,112481.0,24369.0,10579.0,,245195.0
157,Tea,Kericho,Drip,Yes,1.97,9.7,2,821.0,78.54769666536951,1.3,14808.0,8606.0,3669.0,1324.4893267522734,488378.0
158,Maize,Other,Automated,No,13.72,22.7,4,1004.0,68.98780097566376,12.6,175857.0,45258.0,20491.0,4639.242323783363,275928.0
159,Maize,Nakuru,None,No,11.28,10.5,3,915.0,53.10041483238568,19.9,152252.0,38480.0,20825.0,,153856.0
160,Maize,Kiambu,None,No,16.24,38.9,5,656.0,52.31393228118736,9.8,145902.0,38870.0,27742.0,,325192.0
161,Horticulture,Uasin Gishu,Drip,No,12.93,4.8,2,909.0,62.20550397492592,2.6,212293.0,35438.0,9021.0,15973.441921233962,131623.0
162,Coffee,Other,Automated,No,7.71,4.5,2,815.0,34.65032709742827,26.8,65959.0,33830.0,10115.0,10375.84139897748,189560.0
163,Horticulture,Kericho,Drip,Yes,3.43,20.4,0,1151.0,77.4778309170457,6.3,36157.0,12500.0,5789.0,7726.844717975557,535565.0
164,Coffee,Kiambu,Drip,Yes,5.92,4.0,1,628.0,51.36991595107519,3.7,33147.0,24211.0,8517.0,3572.547344456155,183971.0
165,Maize,Uasin Gishu,Manual,Yes,6.78,2.2,0,1020.0,53.32284998768343,12.2,39572.0,10624.0,11355.0,2663.763757678832,124934.0
166,Maize,Uasin Gishu,Manual,Yes,5.92,6.3,0,250.0,50.706027891209686,21.2,66259.0,19547.0,6095.0,10159.402513677203,120205.0
167,Tea,Kericho,Drip,Yes,2.05,14.2,0,647.0,54.67444241653346,16.8,32027.0,7844.0,4548.0,12186.650970168406,372208.0
168,Dairy,Other,None,Yes,15.42,14.1,5,1188.0,67.05817001284525,22.2,72440.0,49377.0,27678.0,,279078.0
169,Tea,Kiambu,None,No,13.33,4.0,2,883.0,55.31377334872876,21.4,91750.0,34513.0,23712.0,,114537.0
170,Maize,Kericho,None,No,5.29,16.4,1,1233.0,48.42907720014631,29.5,66798.0,16640.0,8162.0,,248643.0
171,Tea,Other,Manual,Yes,10.12,7.5,4,1205.0,44.345868307062396,8.7,103797.0,29138.0,12187.0,17074.735534106625,164624.0
172,Dairy,Kiambu,Manual,Yes,9.21,7.8,1,837.0,47.04793361726696,18.0,45518.0,19568.0,11548.0,13444.571323735669,351216.0
173,Tea,Uasin Gishu,Manual,Yes,3.38,14.6,2,1067.0,32.32395637782335,2.3,43491.0,9950.0,1523.0,12094.190169503265,292981.0
174,Dairy,Uasin Gishu,Manual,Yes,8.07,12.2,0,913.0,35.39143331810145,6.8,43672.0,39346.0,12835.0,9658.264689848453,130352.0
175,Coffee,Nakuru,Automated,No,3.9,20.3,1,620.0,57.88956693100503,2.2,29662.0,8478.0,2932.0,5079.280923367246,325153.0
176,Dairy,Kiambu,Drip,No,9.39,12.6,3,881.0,71.75006243431511,15.9,76999.0,27407.0,11220.0,5064.658483646217,402691.0
177,Dairy,Nakuru,Drip,Yes,1.38,3.4,0,863.0,75.00171656862362,13.0,0.0,4358.0,1252.0,12401.939543694001,278355.0
178,Maize,Nakuru,None,Yes,1.38,4.2,1,844.0,53.0948418215376,15.4,41418.0,3637.0,1585.0,,83525.0
179,Horticulture,Kericho,None,Yes,3.79,13.9,1,902.0,48.426181417305635,25.9,56561.0,11049.0,4731.0,,184269.0
180,Maize,Kiambu,Manual,Yes,4.07,10.0,1,765.0,65.35672152117367,1.3,34455.0,22036.0,7939.0,994.2128969180288,237092.0
181,Tea,Kericho,None,Yes,9.79,9.7,3,1267.0,,16.5,141188.0,37492.0,7699.0,,231332.0
182,Maize,Other,Drip,No,1.9,5.6,2,916.0,92.9257830618532,13.7,2199.0,7326.0,2339.0,7724.460072440206,179861.0
183,Tea,Other,None,Yes,2.43,8.1,2,1367.0,51.97012843912756,19.9,7460.0,6839.0,2958.0,,188906.0
184,Horticulture,Nakuru,Manual,Yes,10.27,6.6,3,902.0,83.87819720187863,21.3,75559.0,21115.0,19205.0,21764.90523577741,313758.0
185,Horticulture,Kericho,None,No,5.35,10.9,2,922.0,38.98750616711744,30.1,48658.0,11640.0,8570.0,,213365.0
186,Horticulture,Kiambu,Manual,No,9.86,4.6,2,973.0,68.15599936718523,5.0,88571.0,34640.0,19372.0,638.6849103966714,214946.0
187,Coffee,Other,Automated,No,8.09,12.8,2,1230.0,71.5711173123509,6.6,29733.0,23722.0,9659.0,20972.85875353674,146175.0
188,Coffee,Meru,None,Yes,5.06,16.3,0,1038.0,73.5051607489687,26.4,36719.0,8749.0,11072.0,,304649.0
189,Maize,Other,Automated,Yes,12.04,15.3,2,917.0,43.91309202209412,38.1,98152.0,17748.0,11603.0,11709.899735732513,231404.0
190,Horticulture,Nakuru,Automated,Yes,17.29,3.6,7,825.0,79.62857312984536,9.4,207102.0,25201.0,26507.0,7216.48336145492,331673.0
191,Maize,Other,Drip,Yes,4.61,15.3,5,1071.0,42.612558579548455,12.8,48832.0,21455.0,7867.0,13529.860271442667,198445.0
192,Horticulture,Uasin Gishu,None,Yes,5.6,8.8,1,983.0,72.6269259430223,57.5,36840.0,22919.0,650.0,,150286.0
193,Tea,Nakuru,Drip,No,7.95,7.6,2,848.0,30.027346982073563,34.6,92636.0,18425.0,13095.0,6702.496914596526,639857.0
194,Dairy,Meru,Manual,Yes,1.74,14.0,0,988.0,90.53390686301316,2.6,2028.0,5791.0,542.0,1376.4629601376782,181507.0
195,Tea,Uasin Gishu,None,No,4.17,22.6,1,1046.0,64.22033500175219,3.0,45974.0,17994.0,11174.0,,237310.0
196,Tea,Nakuru,Automated,No,3.79,6.3,0,1134.0,31.85180631600143,31.2,33505.0,12338.0,5331.0,13150.17591271448,129435.0
197,Maize,Kericho,Manual,No,9.0,5.2,3,919.0,85.1300581266923,10.3,50802.0,36958.0,10512.0,2782.668493022607,158491.0
198,Tea,Kiambu,Manual,Yes,4.46,16.7,0,999.0,58.85095709972376,9.2,60520.0,15026.0,7138.0,585.1274885072346,160298.0
199,Horticulture,Other,Manual,Yes,10.97,3.6,4,733.0,65.39625826276807,6.4,82782.0,33050.0,25107.0,5482.957070253365,126019.0
200,Horticulture,Other,None,Yes,8.35,31.2,5,946.0,69.37249284173134,17.9,107340.0,39806.0,6229.0,,331536.0
201,Coffee,Kericho,Manual,Yes,2.48,15.3,0,1257.0,,17.4,50481.0,5934.0,2925.0,2696.8805036195004,280745.0
202,Horticulture,Meru,Automated,No,15.33,16.3,3,795.0,80.99463712000647,6.0,128779.0,38748.0,26104.0,14237.915352314196,365381.0
203,Tea,Uasin Gishu,Automated,No,5.22,13.3,1,770.0,54.79756021269608,11.2,61834.0,18550.0,8393.0,2404.1113669424367,374437.0
204,Maize,Other,None,No,4.76,17.5,1,797.0,66.08807927020344,21.1,31207.0,8584.0,9578.0,,145353.0
205,Coffee,Meru,None,No,2.18,11.9,1,702.0,56.55949745873355,16.5,0.0,8890.0,2263.0,,149208.0
206,Dairy,Nakuru,None,Yes,3.53,8.0,2,1202.0,40.71694802186981,14.1,44354.0,10054.0,9392.0,,163931.0
207,Maize,Nakuru,None,No,17.04,33.9,6,1025.0,,7.3,120700.0,59749.0,23032.0,,314186.0
208,Tea,Kiambu,Automated,Yes,5.0,10.4,1,990.0,27.047954840428154,34.8,16954.0,5860.0,1423.0,4109.042421840993,281127.0
209,Maize,Meru,Manual,Yes,7.23,5.5,3,1089.0,91.81186915629084,8.2,99324.0,14397.0,10717.0,6692.599531915517,200900.0
210,Dairy,Nakuru,Drip,No,2.91,15.3,1,1116.0,100.0,7.9,17823.0,10237.0,4684.0,12040.00494978513,376738.0
211,Maize,Uasin Gishu,None,Yes,3.07,15.4,0,764.0,55.13573025323058,38.7,23946.0,7388.0,4462.0,,182303.0
212,Horticulture,Kericho,Drip,No,8.19,5.6,2,993.0,58.559173448008835,6.3,28132.0,18381.0,10954.0,11833.777516649496,257345.0
213,Dairy,Kericho,Drip,No,1.97,11.8,1,1058.0,60.32241612303182,2.4,4623.0,6469.0,1392.0,1001.3920523662033,177599.0
214,Maize,Kiambu,Drip,No,5.88,19.5,3,1000.0,62.849225343581146,12.3,41747.0,19751.0,7774.0,27892.57188008071,294673.0
215,Coffee,Nakuru,Automated,No,1.49,6.2,0,837.0,79.02143924763558,10.8,0.0,3190.0,1811.0,2939.5231376094976,254763.0
216,Horticulture,Uasin Gishu,Automated,No,4.58,8.5,1,580.0,71.17591020237361,18.3,28636.0,19852.0,8083.0,2847.025608755573,240050.0
217,Tea,Other,Manual,No,0.64,17.4,2,696.0,52.963080693310246,11.5,0.0,1896.0,615.0,6920.282998968735,168289.0
218,Horticulture,Meru,Drip,No,11.51,12.5,4,612.0,48.771702643617104,10.3,123166.0,27852.0,19415.0,3780.3273226251513,411607.0
219,Horticulture,Other,None,No,22.02,4.8,7,1247.0,65.73593434788462,16.0,240541.0,42007.0,3406.0,,183184.0
220,Dairy,Other,Drip,Yes,10.04,6.3,4,721.0,50.70091078855036,15.7,78695.0,30142.0,11850.0,1825.3273853199664,197739.0
221,Horticulture,Other,Drip,No,17.8,16.3,5,1140.0,55.18241957746702,2.0,193218.0,56161.0,16081.0,9881.638004961289,441414.0
222,Tea,Nakuru,Drip,Yes,3.69,3.6,1,1364.0,53.830082040219786,13.4,38931.0,13721.0,3943.0,5440.864457815313,181716.0
223,Horticulture,Kiambu,None,Yes,10.47,12.0,4,958.0,35.01012466412159,11.7,77926.0,25514.0,15966.0,,171823.0
224,Maize,Kiambu,Manual,No,9.81,4.1,2,917.0,58.50015245882055,8.3,56457.0,36335.0,19163.0,6504.594348273709,134700.0
225,Maize,Kericho,Drip,Yes,10.68,15.1,3,693.0,53.67845591104866,11.0,131284.0,20238.0,10996.0,5353.902940928923,387583.0
226,Maize,Other,None,Yes,18.77,5.1,5,1186.0,69.873092016668,17.5,174441.0,89144.0,22589.0,,219608.0
227,Dairy,Nakuru,None,Yes,6.18,7.5,2,330.0,54.30502944376633,16.4,39312.0,13018.0,9437.0,,140223.0
228,Tea,Nakuru,None,No,14.25,19.8,5,856.0,61.36281395783157,21.3,73635.0,42750.0,25461.0,,268939.0
229,Dairy,Uasin Gishu,Manual,Yes,9.44,13.3,2,1111.0,43.375534258598435,5.4,70120.0,22240.0,11786.0,13914.877862511856,148084.0
230,Horticulture,Other,None,Yes,4.01,4.1,0,1075.0,63.9615342860127,6.2,52961.0,6495.0,4269.0,,116417.0
231,Dairy,Kiambu,Drip,Yes,1.47,5.4,0,587.0,59.11742850997184,1.6,12415.0,4203.0,1662.0,14642.09679904257,129305.0
232,Horticulture,Uasin Gishu,None,Yes,3.72,10.2,0,1026.0,75.71521715340666,18.1,51738.0,10057.0,4517.0,,221940.0
233,Tea,Other,Manual,Yes,21.67,17.8,5,1026.0,77.7300715076059,34.2,220793.0,91648.0,41957.0,9849.509474860492,192578.0
234,Maize,Nakuru,Manual,Yes,2.42,20.4,1,722.0,60.64911230921758,23.9,0.0,6585.0,1539.0,500.0,218873.0
235,Horticulture,Kiambu,None,Yes,10.9,10.2,3,515.0,78.303148947213,11.6,101034.0,34485.0,24287.0,,1198216.0
236,Tea,Other,Manual,Yes,1.56,15.1,0,1035.0,91.22146681659167,8.9,19143.0,5350.0,1988.0,1844.9270747019762,241908.0
237,Horticulture,Meru,None,No,20.2,8.1,5,1085.0,35.19488069042769,3.5,208402.0,67816.0,14281.0,,182352.0
238,Coffee,Nakuru,None,No,4.04,10.1,1,826.0,61.12539096699624,12.8,30308.0,13394.0,8085.0,,164497.0
239,Horticulture,Nakuru,Drip,No,7.72,45.0,1,960.0,90.46559337460937,34.7,23246.0,21743.0,5816.0,14424.853990749076,1147735.0
240,Maize,Kiambu,Automated,No,13.46,10.1,3,823.0,72.75750028887828,6.8,89006.0,29325.0,22419.0,2254.5834306930574,196833.0
241,Horticulture,Kiambu,None,No,2.06,8.7,0,733.0,65.21606821775464,2.6,303.0,8483.0,3214.0,,198303.0
242,Maize,Kericho,Drip,No,5.37,23.8,0,980.0,45.24072120811072,37.2,17047.0,26187.0,3946.0,20391.603394794478,334731.0
243,Dairy,Meru,Drip,Yes,15.94,21.5,3,1025.0,67.71058279845938,1.5,194634.0,24568.0,20942.0,6349.274338100986,436444.0
244,Maize,Kiambu,None,No,6.34,17.4,4,650.0,43.76272736750859,7.2,56167.0,16795.0,4472.0,,130780.0
245,Tea,Meru,None,No,5.53,9.1,0,742.0,71.22646418036945,24.2,61781.0,16708.0,1743.0,,187985.0
246,Maize,Kiambu,None,Yes,0.76,16.0,0,1097.0,44.124212735176826,19.7,5359.0,2184.0,708.0,,159097.0
247,Dairy,Other,Drip,No,11.44,6.2,4,1072.0,46.65291428965512,12.0,109409.0,38813.0,19388.0,2459.570645482764,241293.0
248,Tea,Nakuru,Automated,No,11.49,1.1,4,855.0,77.41767607307855,28.6,24369.0,29754.0,18422.0,13481.391368382756,249776.0
249,Tea,Uasin Gishu,Manual,No,5.79,10.5,2,696.0,85.19881191079351,4.7,9754.0,25522.0,7927.0,12038.084871048139,269237.0
250,Coffee,Kiambu,None,No,2.91,5.0,0,573.0,71.46433939147826,8.7,31083.0,9926.0,4312.0,,118737.0
251,Horticulture,Kiambu,None,Yes,7.58,36.2,0,1200.0,55.26273974454779,17.9,47631.0,27227.0,12864.0,,483816.0
252,Horticulture,Kericho,Automated,No,12.14,13.1,4,1199.0,56.89032395720802,21.5,81998.0,40329.0,7663.0,11913.854922127186,567739.0
253,Maize,Kiambu,None,Yes,2.29,7.1,1,883.0,57.405731929974884,24.9,28897.0,4216.0,1340.0,,70538.0
254,Tea,Meru,Drip,No,4.89,11.0,0,929.0,67.40080783983068,13.0,2606.0,23076.0,5483.0,16269.659158664948,201083.0
255,Dairy,Nakuru,None,Yes,5.69,6.0,3,943.0,38.25518827969128,20.5,36072.0,17882.0,10250.0,,135957.0
256,Maize,Nakuru,Drip,No,14.89,21.8,4,996.0,56.572439830128765,1.0,126343.0,28498.0,21569.0,6163.2022913105975,347037.0
257,Tea,Kiambu,Manual,Yes,28.49,9.5,9,1231.0,36.122704337464455,8.7,202019.0,60732.0,46223.0,15138.47238213466,262624.0
258,Dairy,Kericho,Automated,Yes,2.1,15.8,0,768.0,79.51839322600927,47.8,16410.0,5105.0,2610.0,10030.817138447701,491017.0
259,Coffee,Uasin Gishu,Manual,Yes,3.89,3.9,2,699.0,61.30003465081831,4.7,43823.0,13994.0,3955.0,5700.602086854129,134829.0
260,Tea,Other,Manual,No,9.78,12.5,4,781.0,72.72216025522552,14.9,68992.0,33501.0,14221.0,4990.199767923753,205223.0
261,Tea,Kiambu,Automated,Yes,3.87,11.6,0,946.0,75.7433181846309,13.2,32955.0,12518.0,6034.0,4698.633767708724,358283.0
262,Maize,Nakuru,None,No,2.59,3.5,0,1093.0,50.4102071697298,10.0,44419.0,6957.0,2969.0,,110664.0
263,Maize,Kericho,None,No,9.41,5.2,0,836.0,71.46460444854192,16.1,105489.0,41585.0,14845.0,,131051.0
264,Dairy,Kericho,None,No,19.89,10.2,4,911.0,92.1161802108096,24.7,217476.0,39780.0,39995.0,,132087.0
265,Coffee,Kiambu,Drip,Yes,3.04,14.1,0,1097.0,,11.1,3227.0,5851.0,4899.0,3736.5492089081577,276649.0
266,Maize,Kiambu,Manual,Yes,5.98,5.2,0,965.0,53.497076017599305,19.1,62746.0,27505.0,5722.0,2514.510987183911,134475.0
267,Tea,Other,Manual,No,2.75,10.6,1,865.0,68.28179666343709,29.8,30116.0,9300.0,3611.0,1731.1794431128876,175120.0
268,Maize,Kiambu,Manual,Yes,19.22,40.6,5,877.0,74.64771298637037,4.6,163669.0,73635.0,21026.0,19197.594073196837,624814.0
269,Maize,Other,Automated,Yes,13.45,12.1,5,560.0,95.14671301123906,19.6,74387.0,60524.0,15206.0,3954.705698481625,196968.0
270,Dairy,Other,Drip,No,13.4,15.1,5,766.0,64.67046600088045,6.8,110348.0,33722.0,14228.0,11953.529855025363,343831.0
271,Tea,Kiambu,None,No,5.33,11.1,1,597.0,60.412507110364736,16.4,18815.0,26341.0,7125.0,,167140.0
272,Dairy,Nakuru,Drip,No,19.24,13.6,5,522.0,45.51945832696167,25.4,191374.0,56840.0,20981.0,18877.878349100356,95743.0
273,Tea,Nakuru,Manual,No,10.54,41.2,1,724.0,37.33605422065747,48.6,35742.0,40925.0,17900.0,8381.612225602428,446440.0
274,Dairy,Kericho,None,Yes,4.28,13.2,1,899.0,,10.3,31160.0,9718.0,5353.0,,162877.0
275,Coffee,Other,Manual,No,14.74,5.4,3,1112.0,49.15293524351078,8.7,185116.0,29471.0,12690.0,5576.980142615403,202898.0
276,Tea,Other,Manual,Yes,2.2,16.6,2,1005.0,84.18941571835434,25.9,0.0,7052.0,2489.0,7793.827679812736,260580.0
277,Tea,Other,Automated,Yes,15.23,11.2,3,1053.0,72.50580405178233,17.8,98402.0,50971.0,25256.0,23962.532247078238,268216.0
278,Tea,Kiambu,None,Yes,5.77,6.9,1,1099.0,75.43489199920613,31.4,58104.0,20539.0,12209.0,,274150.0
279,Coffee,Other,Manual,No,17.39,7.2,4,1021.0,32.12743032337495,15.7,205181.0,45097.0,33422.0,26023.856347820256,109334.0
280,Maize,Kericho,None,Yes,8.02,7.3,2,905.0,37.61405235691531,21.6,119673.0,28721.0,10446.0,,131133.0
281,Tea,Meru,Manual,No,1.99,17.0,0,857.0,62.101675688809706,8.7,12985.0,6131.0,3414.0,6549.611868280395,212909.0
282,Maize,Kericho,None,Yes,16.05,7.7,3,575.0,42.89724241909383,21.7,152409.0,50316.0,17080.0,,106815.0
283,Horticulture,Nakuru,None,Yes,5.19,6.2,1,1160.0,72.59035859027786,14.3,51446.0,23837.0,8835.0,,222596.0
284,Tea,Meru,Automated,No,13.68,3.9,4,1162.0,,15.4,105246.0,37517.0,36609.0,8301.219744036975,237270.0
285,Horticulture,Meru,None,No,10.71,8.3,3,470.0,83.13328161463436,16.0,88531.0,34138.0,10723.0,,185867.0
286,Maize,Nakuru,None,No,9.27,28.8,2,1337.0,61.90495067712715,4.9,103434.0,50417.0,14302.0,,268751.0
287,Horticulture,Other,Automated,Yes,3.08,19.7,2,1125.0,71.84425344886618,19.7,11802.0,4835.0,4703.0,3359.9088779020117,423679.0
288,Dairy,Other,None,No,21.27,3.8,6,881.0,66.79115403584478,6.4,259998.0,57450.0,48772.0,,83135.0
289,Dairy,Uasin Gishu,None,No,11.35,9.3,3,810.0,93.03622242237233,6.3,78480.0,41209.0,25871.0,,275308.0
290,Dairy,Kericho,None,Yes,13.65,4.2,4,799.0,96.07470434111082,24.2,52410.0,30995.0,8674.0,,136953.0
291,Maize,Nakuru,Drip,No,5.91,1.0,0,738.0,,19.1,75434.0,15407.0,7687.0,9308.580361847738,174293.0
292,Horticulture,Kericho,Drip,No,4.87,43.5,3,1024.0,56.101521316205336,14.7,50817.0,17211.0,2842.0,4155.786485418368,579636.0
293,Maize,Kericho,Manual,Yes,5.43,2.7,1,1126.0,40.36677510238184,5.6,90048.0,14330.0,7965.0,8236.167389570717,162298.0
294,Maize,Uasin Gishu,None,Yes,1.55,40.2,2,1165.0,43.91487421349373,13.6,0.0,2353.0,1969.0,,892927.0
295,Maize,Nakuru,Drip,No,0.56,3.8,0,1169.0,48.19030269705001,15.8,25443.0,2621.0,199.0,4641.229851299095,220747.0
296,Tea,Uasin Gishu,Manual,No,4.42,17.6,0,1176.0,77.44659147257741,22.6,9527.0,12055.0,10055.0,789.4775689284916,166135.0
297,Coffee,Meru,None,Yes,2.92,9.8,2,1303.0,54.616776375578,15.6,27032.0,9818.0,4852.0,,218770.0
298,Maize,Kericho,None,Yes,11.35,12.5,3,1428.0,,8.8,112373.0,37389.0,23312.0,,203463.0
299,Dairy,Other,None,No,4.83,3.1,1,1022.0,64.40122618411692,8.8,44789.0,14957.0,8510.0,,82428.0
300,Coffee,Kiambu,Drip,Yes,2.94,4.4,1,734.0,77.20389740404572,9.9,0.0,10617.0,4719.0,1447.5294261924325,221349.0
301,Horticulture,Kericho,Drip,Yes,4.4,36.3,3,806.0,78.5361457215034,13.8,64768.0,6654.0,8804.0,12500.190604540669,1254841.0
302,Maize,Kericho,Automated,No,27.74,22.4,8,976.0,86.65363310186261,12.9,268624.0,105398.0,32882.0,10286.153780787612,482747.0
303,Maize,Kericho,None,Yes,1.62,17.6,0,1211.0,77.06698501426764,15.0,11692.0,5337.0,3319.0,,217605.0
304,Maize,Kiambu,Drip,Yes,3.86,19.4,0,1361.0,55.519831337255916,5.2,21187.0,20001.0,3296.0,31978.474341032575,325002.0
305,Maize,Nakuru,None,Yes,13.21,20.9,3,740.0,73.5643696722014,27.2,111161.0,50958.0,30832.0,,169115.0
306,Dairy,Kericho,Drip,No,3.66,11.9,0,776.0,73.08774167134743,7.7,20125.0,6895.0,4842.0,3410.8280162190986,483221.0
307,Maize,Meru,Automated,No,8.61,21.4,0,973.0,73.10441584142684,18.0,65222.0,18750.0,4784.0,15118.263650972385,369505.0
308,Horticulture,Other,None,No,3.45,12.4,3,704.0,73.5528699850165,5.1,25989.0,13738.0,3222.0,,157433.0
309,Maize,Nakuru,Automated,Yes,19.58,2.4,5,832.0,73.74812058355427,11.4,162896.0,16081.0,23979.0,8594.50306782352,129733.0
310,Dairy,Kericho,None,No,13.24,20.0,5,729.0,100.0,17.9,164954.0,57648.0,5625.0,,302277.0
311,Maize,Kiambu,Drip,No,2.14,7.0,0,1128.0,75.10457929878645,26.1,0.0,6155.0,3249.0,921.6381515689626,203132.0
312,Tea,Nakuru,Manual,Yes,19.83,14.0,8,922.0,70.0093047037877,32.4,213012.0,56355.0,7632.0,1359.5873146482588,531791.0
313,Maize,Other,Automated,No,5.39,22.6,2,1161.0,77.33640501225115,15.7,37799.0,18857.0,2568.0,13722.75057439138,308272.0
314,Maize,Kericho,Automated,No,5.28,16.2,2,981.0,53.81010576319095,15.1,22452.0,15335.0,4765.0,12281.610987605583,408379.0
315,Coffee,Nakuru,None,No,3.62,1.7,1,1024.0,,11.8,39119.0,12826.0,3941.0,,210832.0
316,Dairy,Other,None,Yes,4.26,9.2,0,1503.0,19.199827729645122,9.6,35345.0,20701.0,6746.0,,175888.0
317,Coffee,Kericho,Drip,No,6.19,29.4,2,1017.0,41.74337178512461,1.4,59638.0,24375.0,6928.0,7994.609088863687,361601.0
318,Maize,Uasin Gishu,Manual,No,3.45,22.3,0,945.0,82.1620992652957,7.9,43182.0,8489.0,3958.0,9661.189991243822,227861.0
319,Dairy,Nakuru,Manual,Yes,9.0,23.9,3,1303.0,82.07530542169299,34.8,98925.0,28685.0,19352.0,5453.181064713409,266647.0
320,Coffee,Meru,None,Yes,7.23,3.7,1,778.0,68.45855599244247,45.4,50269.0,29761.0,8901.0,,179971.0
321,Dairy,Uasin Gishu,Drip,Yes,5.58,5.2,3,1461.0,62.58356253516416,2.3,74208.0,17813.0,9750.0,11621.979837563407,304123.0
322,Maize,Uasin Gishu,Manual,Yes,5.15,7.0,2,1042.0,68.53525055931863,15.6,26382.0,15567.0,6855.0,16630.46778901306,223870.0
323,Maize,Uasin Gishu,None,No,9.53,14.3,1,1087.0,57.518358187732645,20.0,70315.0,42202.0,11714.0,,212173.0
324,Horticulture,Kiambu,Drip,No,10.94,22.3,3,935.0,58.36280735330777,52.7,11791.0,26051.0,21212.0,28975.558284745362,225063.0
325,Tea,Kiambu,None,Yes,7.16,8.9,2,1034.0,53.41887421467253,6.1,80451.0,21074.0,7473.0,,165641.0
326,Tea,Uasin Gishu,Manual,Yes,6.82,7.5,2,519.0,83.75029135200413,9.6,61402.0,18656.0,6121.0,4029.951465420202,344901.0
327,Maize,Other,Manual,No,3.13,19.2,0,969.0,50.881226372589815,9.2,33299.0,7191.0,5243.0,5433.5742331349875,173579.0
328,Maize,Other,Manual,No,1.46,10.5,2,1119.0,64.74905770102127,6.2,0.0,3657.0,1548.0,3844.264141043087,194601.0
329,Coffee,Kiambu,None,No,8.2,4.4,1,967.0,83.5943982654455,5.5,35842.0,26286.0,8949.0,,146940.0
330,Tea,Kericho,Drip,No,4.46,35.7,1,1003.0,55.13486225529594,34.5,37281.0,12262.0,6693.0,15798.439814666235,434117.0
331,Horticulture,Nakuru,Automated,Yes,11.65,5.4,4,581.0,42.64676500991554,7.5,115480.0,55286.0,12530.0,19935.260613593906,326558.0
332,Tea,Other,None,No,7.42,8.5,3,940.0,50.79307168593188,9.3,48700.0,27690.0,8350.0,,113294.0
333,Maize,Other,Manual,Yes,12.37,3.1,5,1327.0,32.526524149443325,13.3,144936.0,55734.0,25609.0,13796.141430762442,130540.0
334,Dairy,Nakuru,None,No,1.27,16.4,1,706.0,,12.7,13500.0,4210.0,1216.0,,214408.0
335,Horticulture,Other,Manual,Yes,11.52,9.7,1,1057.0,75.14032938942606,16.1,88057.0,40562.0,13012.0,5853.029415811308,327461.0
336,Tea,Kiambu,None,No,1.29,7.1,0,1465.0,66.90295549143559,17.4,0.0,4190.0,1937.0,,125017.0
337,Dairy,Meru,Drip,No,16.71,6.2,4,1123.0,68.31512942856884,11.8,176331.0,57187.0,38234.0,5729.132100529253,279733.0
338,Coffee,Other,Manual,Yes,5.45,10.5,2,611.0,94.34026296781906,37.1,27130.0,16167.0,7253.0,12387.626472014987,161222.0
339,Coffee,Nakuru,Manual,Yes,3.63,11.5,0,933.0,69.39028462412948,26.6,48559.0,11675.0,5380.0,3422.970129924312,316402.0
340,Maize,Kericho,Automated,Yes,7.75,12.2,2,1018.0,,10.5,88100.0,35441.0,9431.0,3230.1855044957665,358498.0
341,Dairy,Uasin Gishu,None,Yes,9.23,27.6,0,1212.0,46.94413791854356,10.5,58983.0,45418.0,10196.0,,248586.0
342,Maize,Meru,None,No,4.99,18.6,2,696.0,55.65631347945694,2.4,23684.0,13433.0,3387.0,,251711.0
343,Dairy,Uasin Gishu,Drip,Yes,5.68,5.8,2,1183.0,68.81215978228157,24.4,60916.0,18521.0,11560.0,8464.938380627807,204992.0
344,Horticulture,Nakuru,None,Yes,6.54,7.6,3,957.0,69.24374428601105,18.9,46452.0,26823.0,6881.0,,238490.0
345,Horticulture,Uasin Gishu,Drip,Yes,9.94,11.5,3,716.0,39.809107726436736,11.7,72632.0,30546.0,14140.0,15125.62196167202,386508.0
346,Coffee,Uasin Gishu,Manual,Yes,7.4,9.6,2,958.0,96.61894617396518,65.6,27420.0,27607.0,12356.0,9881.63734803022,140940.0
347,Tea,Other,Drip,Yes,13.87,4.1,5,851.0,79.51002131869402,9.5,139234.0,47479.0,27914.0,30410.27431330099,274078.0
348,Maize,Uasin Gishu,Automated,No,4.71,3.0,1,596.0,82.33781221700922,6.5,49189.0,17887.0,9599.0,12638.140337866866,167718.0
349,Dairy,Nakuru,None,Yes,4.71,7.6,1,989.0,94.25179600107427,7.0,60476.0,9594.0,5820.0,,202187.0
350,Coffee,Uasin Gishu,Drip,No,4.84,8.2,0,757.0,,27.6,61162.0,17274.0,7428.0,10443.520843139102,118223.0
351,Maize,Uasin Gishu,None,Yes,5.99,20.8,0,753.0,90.01054112087164,11.6,75634.0,13043.0,11889.0,,275286.0
352,Horticulture,Other,None,Yes,5.44,6.8,2,624.0,33.76960134535257,15.1,34880.0,19310.0,9953.0,,208878.0
353,Horticulture,Other,None,No,3.36,9.8,1,940.0,40.72416512770471,16.9,41957.0,14189.0,2607.0,,181435.0
354,Dairy,Other,None,Yes,4.25,2.9,1,977.0,45.39760105844324,8.6,7340.0,8534.0,6143.0,,152375.0
355,Coffee,Meru,None,No,5.92,9.8,3,1004.0,45.87940613793988,30.4,85297.0,11889.0,10540.0,,150698.0
356,Maize,Meru,None,Yes,2.96,15.1,0,1116.0,,16.2,15326.0,10961.0,3483.0,,227633.0
357,Maize,Kericho,Automated,Yes,7.57,8.7,2,1113.0,62.72850274881912,5.3,79633.0,23502.0,10324.0,10594.019803111541,340148.0
358,Tea,Kiambu,Manual,Yes,5.42,14.6,2,639.0,,9.3,61866.0,28266.0,13051.0,6633.56162902282,257019.0
359,Maize,Other,Drip,Yes,2.38,36.6,1,978.0,,18.9,13862.0,10694.0,1698.0,8210.286814989571,485486.0
360,Horticulture,Uasin Gishu,Automated,Yes,15.62,13.2,4,623.0,56.37232643736418,27.2,111532.0,52991.0,17834.0,5789.022599469985,587863.0
361,Maize,Kericho,None,Yes,5.17,43.0,0,942.0,70.59990272368734,19.4,38060.0,12793.0,10509.0,,434475.0
362,Coffee,Kericho,Automated,Yes,7.0,17.2,1,776.0,66.56605428808574,15.6,35651.0,23062.0,6276.0,13318.050191619503,693661.0
363,Tea,Other,Manual,Yes,1.86,22.1,2,1230.0,38.34265088217505,23.1,0.0,4775.0,3928.0,2938.9172532578445,282247.0
364,Horticulture,Kiambu,None,Yes,1.49,17.8,0,1088.0,54.40592590333959,31.3,5089.0,6983.0,3952.0,,354066.0
365,Coffee,Meru,Manual,Yes,13.42,12.9,2,1373.0,46.72547292339843,6.8,153282.0,51192.0,14663.0,3817.0314999866387,328110.0
366,Dairy,Other,Automated,Yes,14.04,23.6,3,604.0,,3.7,123515.0,47800.0,28492.0,15789.100538188539,389987.0
367,Tea,Uasin Gishu,Manual,Yes,1.29,7.3,0,967.0,59.928250214385784,24.7,3988.0,3807.0,2138.0,13268.022555014757,385765.0
368,Coffee,Other,Manual,Yes,3.96,15.9,0,791.0,65.90038979018333,8.3,55080.0,13480.0,2825.0,7726.388245914766,215249.0
369,Maize,Meru,Drip,No,7.62,13.5,0,676.0,73.948443858849,1.5,43142.0,26154.0,11525.0,2565.2769184501767,233799.0
370,Dairy,Other,Drip,Yes,10.03,6.7,1,1448.0,56.38639525131144,9.5,68967.0,32606.0,21032.0,7127.788782933379,297971.0
371,Coffee,Other,Manual,No,6.68,30.2,1,814.0,83.83970605552938,10.1,74928.0,15403.0,11245.0,9310.748964224427,325172.0
372,Horticulture,Other,Automated,No,2.76,8.1,0,647.0,82.73495298602873,22.8,22919.0,7951.0,5670.0,13725.642588358187,218024.0
373,Tea,Meru,Manual,No,6.75,4.0,1,1047.0,84.66290265651295,22.8,28039.0,17989.0,11064.0,9115.500337892237,112268.0
374,Horticulture,Meru,Automated,Yes,6.81,15.0,2,1104.0,46.45340599259774,51.0,68437.0,42053.0,9728.0,13512.746211966027,443432.0
375,Dairy,Nakuru,None,Yes,5.65,27.0,2,1111.0,76.24076169204818,14.9,34409.0,15410.0,7818.0,,343348.0
376,Horticulture,Kiambu,Manual,No,5.23,15.0,1,818.0,76.07260901705042,5.8,77231.0,20321.0,5373.0,22832.93744935336,190572.0
377,Maize,Meru,Manual,Yes,9.67,6.7,3,895.0,49.74621548214536,32.0,84891.0,35055.0,6781.0,20395.688787614545,226423.0
378,Horticulture,Nakuru,Manual,No,3.23,2.0,0,1012.0,87.86463644902823,26.2,16075.0,12777.0,4336.0,32682.20807803003,187360.0
379,Maize,Nakuru,Automated,No,4.45,8.5,0,814.0,81.60551393160583,3.2,29783.0,18943.0,7534.0,15570.045675666292,124557.0
380,Maize,Kiambu,Manual,Yes,3.21,9.2,2,750.0,42.174188497222474,5.1,54222.0,10901.0,1622.0,9398.660163613436,163812.0
381,Maize,Kiambu,Automated,No,11.33,4.3,5,835.0,65.49803217763657,8.2,114402.0,49815.0,16305.0,22748.57105912363,278269.0
382,Maize,Other,Manual,Yes,24.59,36.5,6,1000.0,75.61361912529817,2.4,184805.0,75935.0,23117.0,3460.708977540114,387265.0
383,Dairy,Nakuru,Automated,No,5.43,23.6,2,718.0,41.89676631259826,16.1,83704.0,16450.0,5765.0,10719.633287944243,561419.0
384,Coffee,Kericho,Automated,Yes,5.5,20.9,2,661.0,,4.2,47412.0,10792.0,5018.0,3593.195399968337,626246.0
385,Maize,Meru,Manual,Yes,8.63,12.4,3,582.0,78.91655480427285,20.9,74123.0,36208.0,15724.0,20764.40500211107,180489.0
386,Horticulture,Kericho,None,No,12.61,8.2,3,1447.0,,19.5,121291.0,52606.0,12187.0,,202606.0
387,Dairy,Uasin Gishu,None,Yes,7.4,40.8,4,935.0,54.685738767117186,4.6,57197.0,10181.0,11030.0,,350697.0
388,Horticulture,Kericho,Manual,No,2.87,10.2,2,1314.0,75.39215893069647,24.8,12531.0,9066.0,2791.0,4128.365871547742,128025.0
389,Coffee,Uasin Gishu,None,No,7.57,4.2,2,873.0,61.584926318320846,8.7,106132.0,18719.0,10892.0,,183816.0
390,Maize,Other,Manual,Yes,13.6,18.0,4,1103.0,75.3361305196974,17.3,110053.0,44136.0,23135.0,3362.893500043562,427686.0
391,Dairy,Nakuru,None,No,1.52,24.8,0,679.0,91.20400775474474,6.7,0.0,6146.0,1414.0,,285207.0
392,Horticulture,Nakuru,Drip,No,2.9,14.5,1,1061.0,31.555217666131732,40.3,16777.0,9172.0,4196.0,2522.1456495884618,193552.0
393,Maize,Kiambu,Drip,No,3.74,5.5,3,530.0,57.82532874485329,31.7,63963.0,12753.0,5460.0,7639.650854550537,150030.0
394,Dairy,Other,Drip,Yes,5.21,33.7,1,1246.0,82.1413494748413,3.8,24846.0,25828.0,3082.0,31751.52748782986,506303.0
395,Maize,Kiambu,None,Yes,5.24,3.1,1,852.0,61.9388027370864,21.4,81166.0,16670.0,4718.0,,164921.0
396,Maize,Nakuru,Automated,Yes,15.83,2.1,2,1021.0,76.20882797342863,15.5,226694.0,37791.0,2588.0,10252.793068479912,195052.0
397,Horticulture,Nakuru,Manual,Yes,3.59,26.5,0,1169.0,73.74792715355957,38.4,36652.0,8859.0,3509.0,2600.469334047872,490812.0
398,Horticulture,Nakuru,None,Yes,12.16,18.9,2,1093.0,45.44702805410103,10.2,123096.0,36114.0,16405.0,,236473.0
399,Coffee,Other,Automated,Yes,4.43,29.0,0,832.0,62.80328991528004,24.7,13380.0,15035.0,5761.0,6400.2446035742605,525387.0
400,Horticulture,Nakuru,Drip,No,1.23,8.2,1,1094.0,58.955935431404825,11.5,10124.0,3792.0,1043.0,5256.892222913185,299089.0
401,Maize,Meru,Drip,Yes,7.16,1.5,1,1022.0,77.05809137445465,9.8,59381.0,29381.0,8674.0,6422.22538838471,178921.0
402,Horticulture,Uasin Gishu,Manual,Yes,14.53,7.8,3,911.0,54.540979917402026,12.3,144130.0,46373.0,13821.0,1770.335247855361,334885.0
403,Horticulture,Uasin Gishu,None,No,6.09,36.3,0,855.0,63.018049560084286,9.8,28269.0,16862.0,8822.0,,506583.0
404,Dairy,Kiambu,Drip,Yes,1.23,3.6,1,724.0,80.43252823042414,9.6,0.0,3449.0,2004.0,5454.4683285691235,162604.0
405,Maize,Nakuru,None,Yes,1.98,35.8,0,1078.0,77.60825528180997,13.4,30183.0,6792.0,3032.0,,562634.0
406,Maize,Other,Drip,Yes,4.62,9.7,1,923.0,65.5069721496278,21.0,54852.0,18093.0,5288.0,6701.027886049838,285540.0
407,Maize,Uasin Gishu,Automated,Yes,3.69,13.5,0,1004.0,42.90407946997774,11.2,51077.0,12243.0,7336.0,5631.396973692875,278767.0
408,Maize,Nakuru,None,Yes,16.1,24.1,6,1225.0,49.84925139048172,48.7,117940.0,32940.0,24112.0,,192505.0
409,Maize,Nakuru,Drip,No,6.89,5.3,3,1075.0,9.98386498219412,3.6,39866.0,17464.0,8680.0,3013.6167943105715,147894.0
410,Maize,Kiambu,Manual,No,9.59,2.4,3,1142.0,67.16545557197449,4.2,87933.0,37694.0,17179.0,12017.44664777851,116626.0
411,Dairy,Other,None,Yes,8.36,3.5,3,745.0,55.932417423607916,10.9,67907.0,30664.0,19058.0,,146804.0
412,Tea,Kiambu,Drip,Yes,5.73,8.8,0,995.0,52.26531533422245,10.5,59639.0,25336.0,13392.0,34194.53754970905,234562.0
413,Horticulture,Nakuru,Drip,No,4.7,6.9,1,1137.0,73.75744033094118,8.7,34535.0,11242.0,8786.0,22430.551373516657,342083.0
414,Coffee,Nakuru,Drip,No,4.52,23.5,1,802.0,48.228602955813976,23.8,23987.0,16507.0,3789.0,4102.407112803161,205596.0
415,Dairy,Kiambu,Manual,Yes,15.71,9.1,4,1017.0,75.86659835828358,23.0,156932.0,47646.0,25406.0,6051.912933132238,177919.0
416,Dairy,Nakuru,None,Yes,19.44,12.8,6,754.0,66.06120175998873,10.0,172004.0,63252.0,15903.0,,166883.0
417,Horticulture,Kericho,None,Yes,6.47,10.9,1,987.0,52.36308809599001,5.8,39703.0,12042.0,8645.0,,494226.0
418,Maize,Meru,None,Yes,5.56,18.1,1,1042.0,46.94296401657601,27.9,71657.0,15957.0,13684.0,,154036.0
419,Coffee,Nakuru,Manual,No,1.38,45.0,0,892.0,,9.4,0.0,5782.0,1891.0,9498.498202228146,745586.0
420,Maize,Uasin Gishu,Drip,Yes,10.71,16.3,3,927.0,36.7026480659441,17.7,75420.0,36301.0,12812.0,5961.672652075832,252053.0
421,Coffee,Other,None,No,8.69,7.1,2,754.0,71.83235492791798,34.9,138968.0,30481.0,3785.0,,98710.0
422,Maize,Uasin Gishu,None,No,8.43,5.0,2,804.0,45.91640271278872,1.4,102603.0,21667.0,10865.0,,123794.0
423,Horticulture,Nakuru,Drip,Yes,13.21,10.3,4,990.0,90.5726985187898,13.3,120023.0,40051.0,11418.0,7374.826266013844,337824.0
424,Maize,Kiambu,None,No,8.06,3.6,1,1144.0,40.648453908889635,14.1,102136.0,13133.0,13815.0,,135346.0
425,Dairy,Other,Automated,Yes,5.12,17.3,1,581.0,67.10644594976269,7.6,36873.0,18527.0,3321.0,12190.777502507917,238462.0
426,Horticulture,Kericho,None,No,3.16,9.8,0,608.0,76.61590034180304,24.9,28534.0,5153.0,4046.0,,195660.0
427,Maize,Kiambu,Drip,Yes,2.96,14.1,3,988.0,61.188848310247145,16.6,23271.0,10029.0,3598.0,7432.932558907813,368472.0
428,Tea,Meru,Automated,Yes,8.11,14.6,2,1110.0,50.53564772883424,13.9,48530.0,33641.0,14104.0,15691.093314880847,278223.0
429,Coffee,Nakuru,Drip,Yes,4.67,26.8,3,969.0,62.64186831232473,22.8,28795.0,15291.0,7291.0,8846.678150165946,381766.0
430,Maize,Other,Automated,Yes,18.01,7.4,4,1158.0,39.66834340356442,15.0,192708.0,42301.0,34643.0,9505.371851797003,137227.0
431,Horticulture,Other,Drip,Yes,7.38,2.4,2,1028.0,46.503745110180525,21.0,91769.0,8034.0,7896.0,9376.842033153096,155665.0
432,Maize,Other,Automated,Yes,7.59,12.0,0,1097.0,74.43261353432689,40.0,65503.0,32163.0,2663.0,2668.7691155821367,185684.0
433,Coffee,Nakuru,Manual,Yes,3.44,37.4,0,480.0,96.90768681325173,16.5,37817.0,8506.0,4787.0,6352.656770231223,477223.0
434,Maize,Other,None,No,13.4,5.5,4,1402.0,38.608647697280546,16.3,129943.0,42007.0,12588.0,,186804.0
435,Horticulture,Kiambu,Drip,No,9.29,9.1,0,1107.0,65.52282321760542,29.9,70800.0,32385.0,4135.0,8261.377763300135,333246.0
436,Tea,Kiambu,Automated,No,0.62,6.1,0,1319.0,59.077049911580445,4.6,17448.0,2064.0,824.0,3496.777452026417,217589.0
437,Dairy,Nakuru,None,Yes,3.78,7.0,1,841.0,71.35608655689147,18.2,30108.0,15822.0,3469.0,,183568.0
438,Horticulture,Other,None,No,1.65,33.6,1,908.0,96.63894478901152,23.3,13701.0,6010.0,1817.0,,394847.0
439,Tea,Kericho,Automated,Yes,10.88,16.2,2,535.0,54.224372918473755,43.1,143790.0,44760.0,13112.0,28441.926212709335,276099.0
440,Maize,Other,Manual,Yes,4.4,6.3,0,791.0,42.555281598583626,5.3,30876.0,13230.0,5684.0,5247.197507938032,93748.0
441,Tea,Kericho,Automated,Yes,14.73,8.0,5,631.0,81.84965298789736,9.1,174935.0,53434.0,18728.0,12781.542341860748,336844.0
442,Maize,Kericho,None,Yes,0.52,2.4,0,702.0,86.53918498482103,21.0,0.0,1899.0,1042.0,,123103.0
443,Dairy,Kericho,Manual,No,2.02,16.7,0,890.0,,14.6,2846.0,8358.0,3857.0,7110.334252027421,291112.0
444,Maize,Nakuru,None,Yes,12.51,12.6,1,832.0,27.63526345583987,20.6,95194.0,46963.0,12201.0,,235238.0
445,Coffee,Kiambu,None,Yes,4.43,9.1,2,710.0,39.85612643990498,24.9,17132.0,16929.0,2895.0,,316346.0
446,Horticulture,Other,Manual,No,8.27,6.0,4,822.0,,17.5,74805.0,15056.0,14622.0,5570.081898727977,154548.0
447,Horticulture,Kiambu,None,Yes,1.72,6.6,0,1047.0,58.79990147546632,9.0,27221.0,5059.0,3106.0,,214282.0
448,Maize,Other,Automated,Yes,2.18,5.3,3,799.0,19.487776069645136,7.4,22004.0,4864.0,3005.0,12899.43477894626,190133.0
449,Maize,Kericho,Manual,Yes,7.57,8.8,1,886.0,56.98953289315473,5.0,73845.0,14383.0,6345.0,14025.538193760343,178402.0
450,Maize,Other,None,No,4.32,5.2,0,803.0,46.596944767639,13.1,40646.0,11513.0,2608.0,,56534.0
451,Dairy,Meru,Manual,No,2.65,18.7,0,684.0,58.040087024843906,15.1,30486.0,10424.0,4962.0,5565.803646241002,257057.0
452,Coffee,Uasin Gishu,None,Yes,16.63,5.4,4,594.0,33.61881610902447,10.5,160192.0,47872.0,24998.0,,196735.0
453,Maize,Kericho,None,No,6.31,14.8,1,629.0,57.849179575845724,40.1,31196.0,19114.0,16428.0,,122859.0
454,Dairy,Nakuru,Drip,Yes,6.4,31.3,3,797.0,56.60039922079678,15.2,80753.0,23476.0,5427.0,6321.647428773898,582122.0
455,Dairy,Kiambu,None,Yes,7.74,12.0,1,951.0,49.80154581433697,20.2,66099.0,29849.0,6986.0,,157739.0
456,Tea,Kericho,Drip,Yes,2.24,2.4,2,1090.0,52.85482095206552,22.5,22981.0,6207.0,1700.0,2988.594465616186,165785.0
457,Horticulture,Uasin Gishu,Automated,Yes,3.73,6.4,0,761.0,87.98865930193031,5.4,26055.0,15376.0,6889.0,3630.875883084463,446436.0
458,Dairy,Kericho,None,No,3.18,7.8,1,741.0,71.48180699975053,5.2,2735.0,6186.0,2909.0,,237158.0
459,Tea,Meru,None,Yes,6.59,10.6,0,820.0,34.90829070989578,12.3,71039.0,23131.0,11643.0,,177556.0
460,Dairy,Nakuru,Automated,Yes,4.42,4.7,0,817.0,73.83575522179136,14.7,9222.0,19509.0,7450.0,3327.6028229940307,242210.0
461,Maize,Meru,Drip,Yes,6.87,2.6,0,897.0,57.23487740528027,11.6,79656.0,21080.0,9926.0,3031.9944221809924,190795.0
462,Tea,Other,None,Yes,6.01,15.9,5,1032.0,61.641242446061256,24.7,57704.0,16406.0,11785.0,,176554.0
463,Horticulture,Nakuru,Automated,No,15.57,2.3,2,940.0,68.77227297198841,34.3,182220.0,73641.0,11535.0,2259.8373426944027,283099.0
464,Coffee,Kericho,Manual,Yes,5.06,13.5,2,739.0,71.22199223675261,19.9,3890.0,11800.0,8438.0,6766.927585059871,313003.0
465,Horticulture,Kericho,None,Yes,6.37,25.1,1,503.0,51.892725680537424,8.3,83679.0,19363.0,5566.0,,354249.0
466,Maize,Kericho,None,No,1.18,3.1,2,1271.0,84.4678966936975,17.6,23428.0,1738.0,2067.0,,409571.0
467,Maize,Nakuru,Automated,Yes,2.98,6.7,1,836.0,74.92472256681259,15.9,12872.0,10951.0,2182.0,1542.198589514362,224680.0
468,Maize,Uasin Gishu,None,Yes,5.37,11.3,1,969.0,77.75026125766352,7.2,37419.0,23801.0,3667.0,,211556.0
469,Horticulture,Meru,Manual,Yes,2.12,26.2,1,879.0,39.762046280453404,24.2,0.0,7272.0,3144.0,11934.61026220388,376588.0
470,Maize,Meru,Manual,No,4.49,4.7,0,1035.0,81.15101719501045,17.7,50271.0,17808.0,4785.0,2292.916740679046,122378.0
471,Dairy,Uasin Gishu,Manual,Yes,9.0,8.5,2,644.0,,7.9,74722.0,28667.0,19784.0,12478.410841379797,207927.0
472,Horticulture,Meru,None,Yes,3.62,27.0,3,1206.0,70.47053597998344,8.3,30978.0,8024.0,2492.0,,370638.0
473,Maize,Nakuru,Drip,Yes,1.22,3.4,0,1089.0,66.10404465121754,46.4,0.0,3332.0,2168.0,5658.56623385357,137778.0
474,Maize,Nakuru,None,No,8.69,4.8,3,681.0,38.96135886982566,25.9,74248.0,35266.0,7104.0,,88671.0
475,Tea,Kericho,Automated,Yes,2.78,5.2,1,941.0,60.886586417882086,37.3,4426.0,9780.0,1951.0,14668.507259432401,290232.0
476,Maize,Other,Manual,Yes,10.28,8.5,1,1259.0,98.64438473954084,12.8,127091.0,41570.0,15924.0,3267.7367044468137,163107.0
477,Maize,Other,Drip,Yes,4.61,5.8,3,585.0,80.14326326158378,4.2,41058.0,15612.0,3832.0,2120.5297799252203,158135.0
478,Coffee,Kiambu,Drip,Yes,5.0,14.6,1,874.0,,3.1,52658.0,13048.0,9106.0,12998.440646772478,288745.0
479,Coffee,Kericho,Manual,No,9.09,1.0,0,680.0,81.90917736906977,14.0,105094.0,26917.0,10487.0,7580.743215532883,202476.0
480,Horticulture,Kericho,Manual,Yes,6.94,3.0,1,1132.0,28.40882253784865,14.9,59900.0,18941.0,11021.0,5880.589093805296,381763.0
481,Maize,Uasin Gishu,Drip,Yes,2.68,3.7,1,1174.0,100.0,10.2,14636.0,7251.0,4550.0,4456.632876217859,344884.0
482,Horticulture,Other,Manual,Yes,5.06,20.7,1,749.0,83.65117764547989,12.9,22744.0,18880.0,10694.0,7595.859684353954,191148.0
483,Dairy,Nakuru,Automated,Yes,24.96,17.9,6,760.0,,12.5,350170.0,61344.0,45771.0,3651.862878404405,703961.0
484,Maize,Other,Manual,Yes,15.66,9.2,4,717.0,62.35183603824269,11.0,106646.0,22358.0,17481.0,3523.081883762223,122777.0
485,Tea,Other,None,Yes,3.04,3.9,2,832.0,73.29530205776638,27.0,5497.0,9988.0,2240.0,,117721.0
486,Tea,Uasin Gishu,None,Yes,3.62,8.4,3,1160.0,48.9966454375996,28.1,43704.0,12272.0,5770.0,,212243.0
487,Coffee,Other,Manual,Yes,4.14,9.3,0,1209.0,61.05093934693471,17.6,47539.0,20237.0,9739.0,5920.097754173544,307691.0
488,Dairy,Kiambu,Manual,Yes,1.86,4.7,1,1037.0,70.49253239906535,9.3,26118.0,6620.0,2147.0,3493.6489469070325,191868.0
489,Dairy,Meru,None,No,5.55,22.2,3,870.0,81.32776823037896,14.9,17071.0,15286.0,10482.0,,299921.0
490,Dairy,Uasin Gishu,None,No,16.73,11.7,2,1228.0,43.71288095458016,23.2,239555.0,51458.0,18956.0,,184285.0
491,Horticulture,Kericho,Automated,Yes,13.5,11.3,2,700.0,84.45888277478068,18.0,88118.0,38977.0,21891.0,10996.26098190714,346702.0
492,Maize,Kiambu,Automated,No,8.19,13.1,2,1044.0,25.64664849451527,20.9,111248.0,24980.0,15500.0,9718.255946931866,181499.0
493,Dairy,Nakuru,Manual,No,5.62,6.7,0,768.0,60.79376873119223,16.4,48281.0,24887.0,13472.0,9772.997792010787,124914.0
494,Tea,Nakuru,Manual,Yes,7.45,20.8,0,1017.0,52.91900646567604,27.2,92005.0,24918.0,6490.0,4164.144121585795,177009.0
495,Maize,Meru,None,No,7.31,8.1,3,858.0,54.83506657444576,28.5,29294.0,17939.0,8469.0,,124141.0
496,Horticulture,Other,Drip,Yes,8.7,11.4,1,871.0,45.38799386271812,25.5,37855.0,27594.0,14744.0,10111.579340052756,228026.0
497,Tea,Kiambu,Drip,Yes,3.57,25.2,0,1366.0,44.44972719926274,9.7,43465.0,10950.0,6078.0,6389.513541480943,222044.0
498,Maize,Uasin Gishu,None,Yes,6.99,8.9,1,1105.0,44.93980844660112,2.6,83512.0,27797.0,13972.0,,159769.0
499,Maize,Other,None,Yes,6.49,11.5,1,887.0,64.02091950921739,24.1,66441.0,21320.0,13747.0,,173226.0
500,Tea,Nakuru,None,Yes,18.48,15.4,5,986.0,71.06427245992606,9.1,187716.0,71201.0,36210.0,,268690.0
501,Maize,Kiambu,Manual,No,7.28,20.2,3,724.0,59.48920232981022,16.5,50302.0,28254.0,9504.0,8095.9866123456595,173935.0
502,Horticulture,Kiambu,None,No,12.47,9.6,2,1185.0,72.5545414349157,6.3,124720.0,50241.0,13013.0,,283988.0
503,Maize,Other,Automated,No,2.04,17.9,0,770.0,75.7616345643189,8.7,26230.0,3564.0,2753.0,5358.075108060937,285739.0
504,Coffee,Other,Drip,Yes,10.41,5.7,3,1468.0,55.558123845737754,9.4,167901.0,24959.0,9097.0,6901.910675099505,361514.0
505,Tea,Nakuru,Manual,No,3.59,25.0,0,961.0,74.38103036323609,12.1,58783.0,12836.0,4275.0,30021.98847071103,241618.0
506,Dairy,Uasin Gishu,Automated,No,4.14,21.2,1,911.0,78.5396769507109,6.1,40405.0,11137.0,7981.0,14255.881836740458,353057.0
507,Maize,Kiambu,None,Yes,2.68,14.8,1,1114.0,57.644651766066794,4.1,34146.0,6625.0,2173.0,,161231.0
508,Dairy,Meru,Automated,Yes,3.85,10.6,1,742.0,58.60319008364226,53.5,34784.0,11950.0,2315.0,2106.2003965685617,197764.0
509,Maize,Other,None,Yes,10.63,12.0,1,1232.0,33.66729114043643,11.2,127406.0,29147.0,11969.0,,131072.0
510,Maize,Uasin Gishu,Drip,Yes,5.06,2.1,0,949.0,61.01156455621885,29.5,9244.0,12492.0,9473.0,4153.433816851341,171170.0
511,Horticulture,Other,None,Yes,19.46,2.7,4,1419.0,77.58331540726107,17.7,141638.0,65989.0,50169.0,,186085.0
512,Tea,Kericho,Drip,No,1.26,13.4,0,742.0,47.78332887482609,53.4,2214.0,4126.0,1969.0,5024.628103889455,164835.0
513,Tea,Kiambu,Drip,Yes,2.87,21.1,1,850.0,30.476488186891334,36.5,5393.0,9656.0,4238.0,3838.7131851511053,350739.0
514,Dairy,Nakuru,Drip,Yes,14.13,9.5,5,447.0,,14.8,155472.0,46250.0,25001.0,3334.853148385884,266211.0
515,Dairy,Uasin Gishu,Drip,Yes,9.04,5.5,2,956.0,59.24075806468471,8.3,61884.0,37374.0,10414.0,5338.358925394989,180086.0
516,Dairy,Uasin Gishu,Automated,No,31.44,4.3,6,1331.0,80.47957420383312,9.9,233907.0,123686.0,35401.0,7855.0973173187895,230180.0
517,Horticulture,Uasin Gishu,None,Yes,7.65,11.9,2,894.0,64.31125239021567,5.6,79940.0,27525.0,13452.0,,338140.0
518,Dairy,Uasin Gishu,Manual,Yes,8.92,10.8,2,947.0,83.7848300610955,2.0,118287.0,43761.0,15445.0,3982.9071913908365,300007.0
519,Horticulture,Nakuru,None,Yes,2.36,22.3,1,929.0,64.57136740691807,13.2,15170.0,6449.0,3113.0,,323597.0
520,Dairy,Uasin Gishu,None,No,6.46,9.5,0,703.0,78.9349239302425,7.4,40174.0,14178.0,9657.0,,149368.0
521,Maize,Kericho,None,No,0.97,4.9,0,1049.0,87.44631544944902,3.8,0.0,1104.0,1034.0,,222963.0
522,Coffee,Other,None,Yes,3.99,6.1,1,817.0,61.81244795942759,6.2,55310.0,14949.0,6760.0,,174200.0
523,Tea,Kiambu,Drip,Yes,7.67,8.9,4,659.0,61.61230578461115,15.2,29727.0,29978.0,17138.0,6896.3175393621195,382004.0
524,Dairy,Meru,Drip,No,13.2,2.2,5,753.0,15.635683788575726,9.3,173777.0,54835.0,17812.0,13840.225941747927,216987.0
525,Coffee,Other,Manual,No,6.66,4.0,2,1122.0,47.85435588539379,24.3,33764.0,16451.0,3562.0,1407.627629058634,93786.0
526,Maize,Kiambu,None,No,2.55,24.1,1,875.0,67.80824512630522,17.1,31606.0,7609.0,4775.0,,603519.0
527,Tea,Meru,Manual,No,5.03,6.5,1,705.0,29.68986457040272,5.4,48928.0,15102.0,5117.0,15967.910834039258,114277.0
528,Dairy,Uasin Gishu,Manual,No,6.09,30.3,2,862.0,55.03686577583801,8.4,16707.0,18736.0,12311.0,1067.5357238079714,587864.0
529,Maize,Meru,Manual,Yes,1.78,20.1,1,771.0,27.39211174774315,4.2,32365.0,4394.0,2802.0,14887.076986892567,265987.0
530,Maize,Kericho,None,No,6.92,20.5,3,945.0,74.9941487117831,4.8,75713.0,17937.0,12345.0,,378192.0
531,Horticulture,Uasin Gishu,None,Yes,15.93,13.0,5,812.0,68.70280066811398,35.8,117006.0,77021.0,40853.0,,269793.0
532,Dairy,Nakuru,Drip,Yes,5.72,3.4,2,988.0,75.21393199185472,9.7,49052.0,16315.0,8705.0,5603.172501056504,367956.0
533,Maize,Meru,Drip,No,9.07,18.7,4,607.0,77.68380923820183,29.3,125425.0,29327.0,520.0,1869.137318412349,217133.0
534,Horticulture,Nakuru,None,No,10.48,16.7,1,800.0,38.50068962653576,22.5,89880.0,35611.0,17782.0,,219171.0
535,Coffee,Nakuru,Manual,Yes,9.48,18.9,2,1101.0,35.88284237003364,16.4,80888.0,19502.0,15208.0,19019.334197135067,190970.0
536,Coffee,Uasin Gishu,Manual,Yes,17.4,24.2,5,778.0,50.20074231008083,20.7,119790.0,43424.0,24000.0,5443.4584200721165,435414.0
537,Maize,Kiambu,Automated,Yes,9.63,9.8,2,966.0,44.663631274835026,33.8,92680.0,17917.0,8934.0,15623.659795561025,291475.0
538,Horticulture,Uasin Gishu,Manual,Yes,5.62,3.4,2,889.0,70.69527048150805,8.4,36333.0,16754.0,8612.0,6471.308431402853,231195.0
539,Horticulture,Other,Automated,No,5.19,18.6,2,679.0,65.05388361033071,10.0,19035.0,17586.0,4736.0,22332.95191183887,394138.0
540,Dairy,Kericho,Manual,Yes,10.89,7.6,2,1094.0,39.560499090408804,7.8,123794.0,40976.0,11633.0,1093.4063103617339,277136.0
541,Tea,Nakuru,None,Yes,5.03,10.7,0,959.0,92.426972764641,21.2,8328.0,18302.0,5915.0,,267087.0
542,Tea,Kericho,Automated,Yes,6.1,5.8,2,810.0,63.41734566242976,29.8,60788.0,24071.0,11702.0,2191.157546386693,342721.0
543,Maize,Other,Drip,Yes,16.66,24.0,5,889.0,40.262016804388196,35.8,190401.0,68719.0,14421.0,3747.049855816984,217792.0
544,Horticulture,Other,Automated,Yes,4.76,6.6,1,885.0,,12.4,27414.0,14226.0,8270.0,1135.1486734618013,315387.0
545,Horticulture,Uasin Gishu,None,No,4.76,4.9,3,1056.0,59.363843524415564,38.2,62360.0,15017.0,3806.0,,159532.0
546,Maize,Nakuru,Automated,Yes,4.33,4.1,4,488.0,47.03483258438033,11.4,54364.0,19448.0,4276.0,10646.687675539195,182976.0
547,Horticulture,Kiambu,Drip,Yes,4.98,7.5,3,1023.0,56.12838361747879,22.8,1734.0,10052.0,8666.0,1037.782350917001,349904.0
548,Maize,Nakuru,Automated,Yes,4.94,8.9,5,995.0,30.58405959624949,3.1,32573.0,17408.0,7230.0,12561.7710380823,285035.0
549,Dairy,Kiambu,Manual,Yes,0.99,45.0,0,700.0,48.12723500822291,15.5,1446.0,2094.0,1005.0,3061.1464294099883,531153.0
550,Tea,Other,Manual,Yes,5.97,29.4,2,933.0,87.34234933003701,39.0,69351.0,9348.0,10592.0,11064.893236591583,321003.0
551,Horticulture,Uasin Gishu,None,No,5.38,7.6,1,907.0,57.003065962755926,10.1,64968.0,22579.0,12974.0,,284947.0
552,Dairy,Kericho,None,Yes,6.39,12.1,3,1043.0,80.57894798072422,26.5,44929.0,24074.0,5693.0,,188266.0
553,Dairy,Kiambu,Drip,Yes,4.89,13.9,2,1265.0,45.659119091174816,20.9,33721.0,26173.0,6812.0,8336.87439626093,206257.0
554,Tea,Nakuru,Manual,No,3.83,22.8,1,965.0,68.58106009106932,25.8,19730.0,15886.0,4826.0,3322.501450936438,396212.0
555,Horticulture,Meru,None,Yes,9.65,15.3,3,1236.0,56.78926892076428,2.5,67301.0,39452.0,6015.0,,374428.0
556,Tea,Other,Drip,Yes,4.92,4.2,3,760.0,100.0,12.5,35304.0,12065.0,9083.0,1758.1375229704558,213521.0
557,Tea,Uasin Gishu,Automated,No,6.31,19.6,2,1193.0,78.05240740176512,21.1,66237.0,18457.0,10624.0,3856.862986288095,406518.0
558,Tea,Uasin Gishu,Manual,No,1.04,6.7,0,827.0,,4.3,6763.0,3611.0,355.0,13486.87933625293,153316.0
559,Horticulture,Meru,Manual,Yes,15.79,19.2,3,951.0,73.27726072287012,11.4,135461.0,44430.0,19493.0,10356.677329493927,326338.0
560,Maize,Meru,None,Yes,5.79,8.2,2,1059.0,42.5791637711603,2.0,42656.0,21280.0,7296.0,,199818.0
561,Tea,Nakuru,Drip,No,1.07,5.1,0,942.0,26.551925688316956,2.7,0.0,3914.0,2091.0,16257.7122979013,172166.0
562,Maize,Kiambu,None,Yes,3.12,8.4,2,986.0,65.15112834719427,7.5,21299.0,10496.0,4650.0,,216458.0
563,Dairy,Kiambu,Drip,Yes,16.7,10.8,3,939.0,65.38698362330608,3.4,185861.0,65741.0,22381.0,4291.543566572975,328062.0
564,Maize,Meru,None,Yes,8.51,15.2,2,973.0,30.259562874857224,15.0,125057.0,28709.0,12236.0,,284759.0
565,Maize,Other,Manual,Yes,4.03,0.8,1,935.0,81.94419288125086,5.9,0.0,12424.0,2607.0,8299.274741278232,149773.0
566,Coffee,Uasin Gishu,Manual,No,3.76,5.5,2,837.0,63.71057253377404,59.0,24149.0,6097.0,6350.0,11754.006189334323,161165.0
567,Maize,Kiambu,Drip,Yes,3.43,19.0,0,1086.0,65.31999984598409,10.9,40939.0,7917.0,6108.0,11299.706103298986,278432.0
568,Horticulture,Kiambu,Drip,Yes,5.49,10.4,0,987.0,78.6459928678085,3.2,53132.0,19303.0,6435.0,8134.8437615008925,213872.0
569,Maize,Nakuru,Manual,No,6.54,15.4,0,1384.0,66.94928824480466,10.4,62132.0,22819.0,7924.0,11747.555427552648,253095.0
570,Maize,Nakuru,None,Yes,4.34,12.0,0,1274.0,68.6074347423301,14.4,15564.0,6709.0,7871.0,,309702.0
571,Tea,Kericho,None,No,5.73,26.8,2,1332.0,72.06810629936591,3.9,78120.0,22092.0,7348.0,,575429.0
572,Maize,Kericho,Manual,No,4.37,12.6,1,988.0,67.52907343026345,22.3,52828.0,9287.0,10016.0,14932.780220278803,213893.0
573,Coffee,Nakuru,Manual,No,4.58,16.2,5,982.0,83.57010470150138,24.3,29574.0,9440.0,5209.0,6989.878271161409,236808.0
574,Coffee,Other,Manual,No,14.57,14.6,2,1245.0,60.93663290451326,1.0,129998.0,84119.0,21271.0,3299.8176158404863,171701.0
575,Maize,Nakuru,Drip,Yes,7.49,8.3,3,800.0,62.68724891573541,6.4,51970.0,22619.0,15115.0,3424.7604702878025,222807.0
576,Tea,Kericho,None,No,7.68,30.1,1,1009.0,65.61063590078408,29.7,0.0,6996.0,10541.0,,225204.0
577,Maize,Nakuru,Manual,Yes,2.39,19.7,0,900.0,70.36246279978917,18.7,16151.0,6546.0,5389.0,3360.82885181061,283320.0
578,Dairy,Meru,Automated,No,19.39,9.2,4,1116.0,86.26707218767984,31.7,192111.0,43903.0,17876.0,10909.225143010217,283842.0
579,Dairy,Meru,None,No,17.72,6.6,5,936.0,58.84183311426757,12.9,8006.0,62946.0,28054.0,,167789.0
580,Coffee,Other,Automated,Yes,4.98,5.7,2,973.0,47.60771718445846,6.1,64535.0,9037.0,7663.0,1730.6774380822453,219992.0
581,Maize,Meru,Manual,Yes,1.47,23.5,0,840.0,70.68746390749624,11.1,22955.0,2268.0,2254.0,6542.120321869682,395720.0
582,Coffee,Other,Manual,Yes,19.73,13.2,6,1078.0,92.70236235349492,27.4,116309.0,71989.0,22408.0,14103.874654231156,152319.0
583,Maize,Kiambu,Manual,Yes,11.54,21.5,1,1074.0,78.80378455356137,23.5,96265.0,20289.0,9181.0,6296.232865370375,213622.0
584,Coffee,Kericho,Manual,No,8.66,21.3,0,1175.0,58.87236355394322,24.2,103661.0,19424.0,13487.0,4076.7814673305847,270339.0
585,Tea,Other,None,No,15.72,12.1,4,521.0,47.42053540278422,42.7,153250.0,79024.0,23420.0,,392697.0
586,Tea,Uasin Gishu,None,Yes,7.59,45.0,3,1127.0,60.322035237021176,5.6,65883.0,19064.0,15280.0,,756651.0
587,Maize,Meru,Automated,No,9.49,14.3,2,955.0,72.35013795881986,3.7,80304.0,15398.0,18572.0,17747.75011639708,463538.0
588,Tea,Kericho,None,Yes,7.37,1.8,2,1198.0,57.36081609340579,29.3,52696.0,22253.0,11958.0,,117002.0
589,Maize,Nakuru,Manual,No,3.53,20.0,1,1127.0,46.06302767117934,10.0,25131.0,14470.0,8442.0,14302.944615816445,143150.0
590,Dairy,Kiambu,Drip,No,5.28,7.7,1,877.0,86.51857916952761,25.6,49756.0,19769.0,6585.0,4913.633487776108,198653.0
591,Maize,Other,Drip,Yes,2.93,11.7,1,833.0,62.55945090603776,20.3,49021.0,9450.0,4366.0,10563.537441702776,292058.0
592,Tea,Uasin Gishu,Drip,Yes,17.3,29.1,4,992.0,80.1989516140674,23.3,205272.0,29979.0,40957.0,7215.659527700074,535393.0
593,Maize,Other,None,No,1.19,13.4,1,486.0,51.91349412608869,46.0,26159.0,3409.0,1923.0,,151299.0
594,Tea,Other,Drip,No,15.5,13.4,4,707.0,40.86441499702859,7.8,196916.0,41298.0,11680.0,500.0,189295.0
595,Maize,Kiambu,Automated,Yes,6.39,11.4,3,1140.0,52.403978823732274,10.9,69744.0,25175.0,4882.0,18624.995914357656,430291.0
596,Dairy,Kiambu,Manual,Yes,2.2,13.0,0,1458.0,61.578131070278204,9.8,30151.0,5459.0,1280.0,2538.6596738123335,181812.0
597,Horticulture,Other,None,No,5.63,6.2,3,864.0,43.584663860579305,16.2,17072.0,9175.0,10498.0,,111792.0
598,Dairy,Other,Drip,No,5.81,13.7,3,721.0,54.76934293274689,37.7,57281.0,19091.0,7690.0,18242.811888506163,142752.0
599,Dairy,Meru,Manual,No,15.19,19.6,2,1231.0,57.9905388707661,4.1,105178.0,53920.0,32368.0,17129.639358322336,513874.0
600,Maize,Other,None,No,8.72,20.4,1,839.0,84.79357929276301,15.1,93041.0,23744.0,27037.0,,240414.0
601,Dairy,Kericho,Manual,Yes,4.78,13.6,2,842.0,46.20898059672791,11.0,67572.0,12234.0,7547.0,8970.31520505749,129982.0
602,Horticulture,Other,Automated,No,7.42,5.9,3,1445.0,48.42349046385013,7.9,104448.0,26679.0,10161.0,8423.382792847158,184224.0
603,Maize,Kiambu,Manual,No,3.64,7.3,0,1076.0,77.37798023053733,33.0,45127.0,9777.0,6158.0,4958.80469099235,197784.0
604,Tea,Uasin Gishu,None,Yes,14.6,35.8,3,1194.0,57.26027986107872,16.8,152066.0,54337.0,12889.0,,671413.0
605,Dairy,Nakuru,Drip,Yes,9.59,15.3,3,756.0,71.71018100056608,9.1,88369.0,39312.0,13560.0,4951.0287842173275,340228.0
606,Tea,Other,None,Yes,1.65,4.2,1,1076.0,50.610868424812644,1.0,8191.0,2779.0,1674.0,,163983.0
607,Tea,Other,None,Yes,2.77,17.2,2,630.0,32.493642376290964,5.8,23121.0,3811.0,4784.0,,227048.0
608,Coffee,Meru,Drip,No,5.35,10.8,4,782.0,96.26557459243952,5.7,5265.0,19827.0,5154.0,8106.93385951887,285537.0
609,Horticulture,Meru,None,Yes,6.39,18.1,1,800.0,38.622385736074264,5.2,42425.0,11234.0,3925.0,,270102.0
610,Maize,Uasin Gishu,None,No,8.4,12.1,3,1139.0,49.624893108493566,7.7,77908.0,36407.0,14613.0,,130067.0
611,Maize,Other,Manual,No,0.83,15.0,0,1159.0,,7.7,0.0,2907.0,862.0,6685.239522012823,289848.0
612,Maize,Other,None,Yes,6.04,42.4,1,978.0,71.957033788966,2.8,34703.0,12475.0,15939.0,,432619.0
613,Dairy,Kiambu,Manual,Yes,18.96,4.8,4,434.0,74.02391025515757,13.5,139476.0,47714.0,18631.0,1071.3826278941763,206208.0
614,Horticulture,Meru,Drip,No,5.95,14.5,3,1272.0,51.09122800829729,19.6,61975.0,29290.0,7980.0,10142.165987871353,175678.0
615,Horticulture,Meru,Drip,No,1.57,11.8,0,704.0,46.28840741052156,6.9,16360.0,4249.0,1504.0,8010.247954681513,234743.0
616,Dairy,Uasin Gishu,Automated,Yes,7.3,14.7,3,509.0,87.754434222649,57.0,27442.0,20800.0,13079.0,12968.464623236721,322010.0
617,Horticulture,Nakuru,None,Yes,3.08,45.0,0,1032.0,47.721983821010994,9.1,34017.0,10232.0,4091.0,,609204.0
618,Tea,Other,None,Yes,7.51,18.8,2,957.0,57.26106027812915,11.8,96975.0,22889.0,7060.0,,124955.0
619,Tea,Nakuru,Automated,Yes,3.74,21.5,3,689.0,61.81852551644033,1.8,0.0,12404.0,8995.0,4318.673969736655,437786.0
620,Horticulture,Other,None,Yes,3.04,16.5,0,573.0,82.76485910693881,8.6,38668.0,13030.0,6727.0,,191654.0
621,Tea,Other,Manual,No,4.68,31.4,2,1211.0,46.343251794270984,8.3,18701.0,17961.0,8615.0,3993.9644665004435,352979.0
622,Maize,Other,Drip,Yes,3.04,12.7,0,649.0,62.42250408826692,29.3,15828.0,4154.0,4703.0,5729.44108022483,155104.0
623,Horticulture,Nakuru,Automated,Yes,2.4,40.2,1,1225.0,85.00773255685584,34.4,494.0,6263.0,4246.0,11603.683928100007,857414.0
624,Coffee,Nakuru,None,Yes,5.26,19.1,0,1017.0,91.8006791060937,28.7,45863.0,25628.0,7622.0,,233036.0
625,Tea,Uasin Gishu,None,Yes,10.03,14.0,3,647.0,67.94172784475232,19.3,124020.0,34521.0,10605.0,,348518.0
626,Tea,Meru,None,No,4.23,8.9,0,956.0,75.1736147501473,35.1,30152.0,12720.0,1549.0,,175004.0
627,Tea,Kericho,Automated,No,1.55,10.7,2,636.0,57.3533385117904,3.8,15785.0,3877.0,2621.0,6112.438895495093,191699.0
628,Dairy,Kiambu,Manual,Yes,5.29,2.5,2,787.0,72.72810727168803,8.2,35559.0,19500.0,4049.0,10692.797511332517,252596.0
629,Tea,Meru,Manual,No,2.6,6.8,0,823.0,69.9656323107124,1.0,18417.0,9291.0,5415.0,9873.756369543938,207545.0
630,Tea,Nakuru,Manual,No,18.36,11.3,3,1312.0,46.111865816403466,31.5,235862.0,45991.0,28690.0,13744.77296444507,296492.0
631,Maize,Nakuru,Drip,Yes,10.36,0.8,2,1158.0,86.55903269240076,41.8,79935.0,47364.0,21440.0,9241.284693750926,161036.0
632,Dairy,Kiambu,None,Yes,1.99,4.5,0,850.0,34.728181735322835,11.8,54001.0,9544.0,777.0,,200152.0
633,Dairy,Kiambu,Automated,Yes,7.16,10.2,1,1016.0,64.332247243942,4.3,74295.0,23805.0,6968.0,2510.972496872252,2060104.0
634,Tea,Nakuru,None,Yes,16.54,8.8,3,912.0,61.63666448273267,10.4,157681.0,63334.0,8616.0,,193351.0
635,Maize,Kericho,Manual,Yes,8.35,25.0,4,872.0,31.57894922839527,8.4,136331.0,34551.0,10420.0,6281.3804241132375,357372.0
636,Maize,Nakuru,Manual,Yes,13.06,7.3,4,1427.0,43.7168148950713,15.3,82315.0,50381.0,24635.0,10906.69384242544,241019.0
637,Horticulture,Other,Manual,Yes,2.28,16.3,0,1118.0,55.61189214527372,28.3,33458.0,8409.0,4516.0,3521.4485292539966,433236.0
638,Tea,Kericho,Drip,Yes,3.24,23.6,2,864.0,34.89165905602627,19.6,30725.0,8431.0,4223.0,7301.239800911901,417973.0
639,Tea,Uasin Gishu,None,Yes,6.63,13.6,0,1163.0,77.60880437378356,11.5,47036.0,27173.0,9927.0,,198478.0
640,Tea,Other,None,No,4.08,8.6,0,1259.0,40.92901411707936,17.5,39104.0,19773.0,4129.0,,157400.0
641,Tea,Other,Manual,No,15.93,42.9,4,1034.0,69.08839727901437,25.6,129162.0,68407.0,14575.0,9356.654185090489,479591.0
642,Dairy,Nakuru,Automated,Yes,16.41,16.4,4,581.0,70.64695932927252,27.4,172774.0,31818.0,37270.0,5959.321495335108,173167.0
643,Dairy,Kiambu,Manual,Yes,13.6,23.6,3,926.0,32.77659931190718,52.7,192168.0,32084.0,14523.0,2654.4182557730587,154629.0
644,Dairy,Uasin Gishu,Manual,No,2.07,10.4,2,1033.0,36.63922696343363,12.5,23788.0,9445.0,3062.0,10084.932682331897,142311.0
645,Horticulture,Nakuru,Manual,No,7.16,11.1,3,1177.0,78.56999832574103,11.0,50847.0,35494.0,8932.0,9460.478422981509,265945.0
646,Maize,Kiambu,Automated,No,13.83,7.8,3,1013.0,49.546872022181034,12.2,137455.0,26983.0,13224.0,36866.41811117962,231551.0
647,Tea,Meru,Drip,No,14.94,9.9,2,1308.0,37.149181354810935,8.5,126366.0,68794.0,15442.0,3575.9162461236674,168456.0
648,Horticulture,Uasin Gishu,Drip,No,11.84,11.7,2,802.0,72.62691992220383,6.3,101341.0,30921.0,18725.0,7653.164209473855,220345.0
649,Maize,Nakuru,Drip,No,9.23,19.3,1,692.0,61.521631963009256,35.0,71125.0,37200.0,9253.0,10817.017603647708,216867.0
650,Coffee,Kiambu,Manual,No,8.59,4.2,2,1043.0,83.44677504456133,2.7,94494.0,23312.0,2080.0,6543.935815039176,211000.0
651,Maize,Kericho,None,Yes,1.59,14.2,2,1084.0,74.42837105545486,12.5,21611.0,4788.0,2901.0,,219814.0
652,Maize,Nakuru,Automated,No,12.87,4.7,2,1014.0,26.84457097803655,2.4,77130.0,48820.0,21462.0,10069.229371066294,274850.0
653,Horticulture,Kericho,Automated,No,7.6,9.1,4,1129.0,76.1241730384807,14.0,62710.0,12109.0,10001.0,6350.372857703529,545594.0
654,Horticulture,Kiambu,Drip,Yes,19.88,5.3,4,754.0,83.22223623532344,26.6,132745.0,49468.0,30431.0,7532.917509644043,267150.0
655,Maize,Meru,Automated,No,21.29,34.8,5,1018.0,73.02479532096832,10.8,155354.0,60935.0,21250.0,8291.640774006064,748190.0
656,Dairy,Other,Drip,No,3.75,21.0,0,1209.0,47.02202261998599,18.0,26875.0,10911.0,6238.0,6908.90483041708,248206.0
657,Dairy,Nakuru,None,No,4.58,9.9,2,1160.0,46.624198610316654,19.4,22950.0,13246.0,7621.0,,103039.0
658,Maize,Nakuru,None,Yes,7.63,8.8,1,951.0,81.24056835449318,68.5,8983.0,41776.0,13232.0,,140641.0
659,Maize,Meru,Manual,No,2.1,12.8,0,947.0,62.75946151528732,19.3,18403.0,4354.0,2239.0,6432.923407987158,149029.0
660,Tea,Kiambu,Drip,Yes,10.95,8.1,2,686.0,5.449076795255053,54.8,99555.0,27910.0,18969.0,20955.350108115323,130645.0
661,Coffee,Nakuru,Manual,No,9.74,15.8,1,942.0,52.93992175560171,48.7,82197.0,27813.0,10311.0,11290.62876839084,250523.0
662,Maize,Meru,None,No,1.3,33.7,1,1252.0,49.51989447518168,12.3,34342.0,5189.0,1862.0,,300999.0
663,Maize,Kericho,None,Yes,12.19,10.5,3,977.0,44.540936342422604,13.0,110585.0,48625.0,12090.0,,149915.0
664,Tea,Meru,Drip,Yes,1.41,0.5,1,748.0,44.411847050607705,18.6,0.0,6314.0,1508.0,18564.752598220155,163979.0
665,Tea,Nakuru,Drip,Yes,9.16,20.0,3,1118.0,50.7668196977053,12.9,20184.0,20871.0,5769.0,9613.403047353311,384696.0
666,Dairy,Meru,Drip,No,3.45,3.5,1,1211.0,78.33941405011859,23.6,29403.0,5987.0,5180.0,3392.0843356502432,146112.0
667,Horticulture,Kiambu,None,Yes,5.9,32.2,2,1351.0,68.30719112092626,5.0,35651.0,9648.0,6617.0,,672229.0
668,Horticulture,Meru,Drip,Yes,4.52,6.7,0,909.0,39.604181102862,4.8,66014.0,16282.0,4470.0,3026.8049638620005,401876.0
669,Dairy,Uasin Gishu,Manual,Yes,5.19,4.9,3,856.0,63.56297819591991,23.2,21701.0,21521.0,8107.0,19427.432254085048,184035.0
670,Dairy,Other,Automated,Yes,4.74,14.6,1,587.0,69.70694661044644,11.5,39039.0,9038.0,6279.0,4589.736827891362,176677.0
671,Tea,Kiambu,Manual,Yes,6.02,6.5,2,1032.0,52.812942484279326,18.8,62063.0,10437.0,14568.0,20902.781658646447,166535.0
672,Coffee,Meru,Drip,No,18.91,8.1,3,868.0,46.11845210059589,30.4,208002.0,52790.0,36805.0,2973.1520824736967,152492.0
673,Maize,Meru,None,No,5.73,18.8,1,968.0,44.01433069244962,5.1,34287.0,16963.0,11741.0,,179050.0
674,Tea,Other,Manual,No,6.78,23.8,3,828.0,66.20864186459772,3.2,82016.0,12759.0,10840.0,6019.705404970399,356343.0
675,Maize,Other,Manual,No,10.46,15.1,3,1350.0,64.60811585587105,39.3,113381.0,28950.0,20052.0,12593.968352143116,186937.0
676,Maize,Kiambu,Drip,Yes,8.78,23.6,2,804.0,77.47916147976365,27.0,26811.0,21063.0,15820.0,16568.244723609136,218003.0
677,Maize,Nakuru,Drip,No,1.54,45.0,1,730.0,86.72289823598486,10.9,2514.0,6767.0,2004.0,3812.0863448554346,684356.0
678,Horticulture,Kericho,Drip,Yes,7.55,4.5,2,813.0,69.08137812010021,19.3,80983.0,24474.0,11836.0,1096.3927480165578,387562.0
679,Tea,Nakuru,None,No,9.76,27.5,1,1054.0,65.3775074934913,5.3,70864.0,23552.0,19282.0,,365344.0
680,Tea,Meru,Manual,No,6.58,3.6,2,1464.0,70.26203159456259,21.2,34407.0,7732.0,4529.0,9185.066833096245,184247.0
681,Maize,Meru,Drip,Yes,14.23,6.2,2,1111.0,41.35263367463504,12.8,138761.0,41369.0,25364.0,6503.454731215003,130325.0
682,Tea,Uasin Gishu,Manual,Yes,6.85,5.2,1,1372.0,49.34843728037734,14.9,64685.0,25366.0,9451.0,6195.241495600785,213923.0
683,Maize,Meru,Manual,Yes,7.51,13.0,2,1163.0,77.20775774395462,8.6,8978.0,25992.0,8220.0,4047.2090168652517,152118.0
684,Horticulture,Meru,None,No,6.87,16.4,2,890.0,66.46636690667212,3.8,96424.0,19179.0,14970.0,,196600.0
685,Maize,Kericho,Drip,No,5.02,2.7,3,774.0,71.40218477777174,14.0,71238.0,17650.0,7315.0,2478.34403132048,228407.0
686,Coffee,Meru,Manual,Yes,10.47,6.8,3,1145.0,36.755949810753805,8.2,125419.0,40006.0,7499.0,5194.236083215942,153120.0
687,Dairy,Other,None,Yes,7.63,8.3,0,680.0,93.61651678398383,2.6,58244.0,14160.0,6433.0,,110867.0
688,Tea,Nakuru,Automated,No,0.56,2.3,1,896.0,77.20906663756833,8.3,11547.0,1699.0,843.0,2720.151803740104,158201.0
689,Maize,Other,Drip,Yes,11.33,10.6,3,1194.0,63.937657979478416,6.8,134046.0,45235.0,16640.0,5849.264699476544,189474.0
690,Tea,Other,None,Yes,8.44,6.5,2,1020.0,55.31052751547074,1.2,110483.0,21547.0,9015.0,,124448.0
691,Dairy,Meru,Automated,No,3.39,6.2,2,1009.0,23.323498167753648,13.6,44587.0,14012.0,2800.0,8657.961967646555,194389.0
692,Coffee,Kericho,None,No,9.32,15.4,0,780.0,71.15823327601585,29.8,64563.0,22574.0,7452.0,,150937.0
693,Maize,Kericho,None,No,12.14,13.7,4,503.0,74.01210180444676,4.5,94337.0,35431.0,12996.0,,199697.0
694,Maize,Other,Automated,Yes,13.05,21.0,5,1176.0,42.34717182864108,17.8,125220.0,30791.0,25122.0,5231.616556877986,340565.0
695,Tea,Kiambu,Manual,Yes,6.67,10.3,3,1054.0,58.829912019982345,13.6,66247.0,16312.0,2857.0,8397.325760447136,187088.0
696,Tea,Other,Manual,Yes,16.31,29.5,5,1165.0,100.0,15.0,76761.0,53842.0,32692.0,7801.985197772165,629531.0
697,Tea,Other,Automated,No,9.03,16.3,4,1240.0,60.86485510961597,15.0,60084.0,25508.0,14247.0,10649.273706547401,272084.0
698,Maize,Kericho,None,Yes,2.98,19.7,2,1258.0,70.15279273495004,48.2,44080.0,9256.0,1097.0,,346479.0
699,Maize,Nakuru,None,No,3.1,15.9,4,968.0,45.27129456347866,43.4,51437.0,6639.0,1073.0,,226573.0
700,Dairy,Nakuru,Drip,Yes,14.81,5.9,5,914.0,50.94652067865307,16.4,154609.0,35741.0,26508.0,18779.698107462074,199994.0
701,Maize,Kiambu,Manual,No,12.9,8.7,3,455.0,54.35360374278024,6.4,178044.0,39974.0,20399.0,14808.74890602577,84268.0
702,Maize,Meru,Manual,Yes,16.64,12.0,4,1084.0,54.35779659460948,14.0,160217.0,48118.0,26948.0,1870.0234801779948,125518.0
703,Maize,Meru,None,No,11.34,8.8,4,900.0,64.37574267388054,13.5,113471.0,50595.0,20460.0,,167983.0
704,Horticulture,Meru,None,Yes,6.84,11.9,2,652.0,69.42247388128862,18.6,71031.0,20214.0,4567.0,,194274.0
705,Tea,Meru,Drip,Yes,16.87,2.8,4,952.0,54.96925711570064,20.4,19983.0,56449.0,16503.0,5091.60075079774,213951.0
706,Maize,Nakuru,None,No,5.37,19.5,0,1089.0,57.54993438645393,4.1,8550.0,25498.0,10134.0,,159014.0
707,Maize,Uasin Gishu,Manual,No,5.53,13.3,1,994.0,34.61192141832816,11.2,73338.0,12352.0,6958.0,17134.29086472229,259658.0
708,Horticulture,Kericho,None,Yes,9.59,22.7,4,1077.0,85.7801984591774,14.7,58457.0,40870.0,8746.0,,362987.0
709,Horticulture,Nakuru,Manual,Yes,6.53,11.6,1,791.0,47.9471595647108,4.2,40311.0,19932.0,10069.0,14403.301619713053,303340.0
710,Coffee,Uasin Gishu,Manual,Yes,16.51,8.5,4,963.0,76.97820390215306,16.7,217702.0,65805.0,23515.0,18470.909002236847,326756.0
711,Coffee,Kericho,None,Yes,4.81,4.1,1,1272.0,60.791291302470896,15.0,61212.0,14335.0,5052.0,,120632.0
712,Dairy,Other,Drip,No,9.73,20.2,2,1140.0,63.27489218322842,14.2,120648.0,20658.0,12735.0,15591.390175981533,306729.0
713,Horticulture,Other,Drip,No,4.9,5.7,3,770.0,64.47856137866056,11.4,47660.0,24968.0,7001.0,9385.086171537734,188980.0
714,Tea,Other,Manual,No,10.61,8.1,1,1071.0,81.00723640945243,4.8,33050.0,54563.0,9398.0,10314.132242305208,236327.0
715,Maize,Meru,Manual,Yes,8.98,8.3,3,860.0,42.38331325940588,42.4,64161.0,33095.0,10202.0,1249.391725310299,150835.0
716,Maize,Uasin Gishu,None,Yes,14.02,23.3,2,925.0,55.97824360933799,47.0,66147.0,54788.0,17871.0,,204044.0
717,Horticulture,Kiambu,None,No,12.37,5.1,4,893.0,81.0195002097546,13.6,58538.0,47019.0,22694.0,,224061.0
718,Horticulture,Kericho,Manual,Yes,2.58,23.1,1,1029.0,91.11151597811971,16.4,44648.0,8433.0,3701.0,8024.729869542627,521513.0
719,Maize,Uasin Gishu,None,Yes,11.07,15.0,0,645.0,60.20405604121193,13.5,95440.0,48410.0,17701.0,,167431.0
720,Maize,Uasin Gishu,Drip,No,6.97,7.0,2,804.0,81.19309811266989,8.2,101932.0,23530.0,4130.0,17494.647278290213,146497.0
721,Tea,Meru,Drip,Yes,7.52,35.7,4,898.0,62.94438979942598,22.7,36528.0,19511.0,7359.0,12709.242557827178,527736.0
722,Horticulture,Meru,Drip,Yes,2.0,10.1,0,739.0,54.51551478763805,16.7,30222.0,7525.0,2573.0,11893.192298451626,220449.0
723,Coffee,Uasin Gishu,None,Yes,6.48,18.5,3,702.0,61.978355095964076,34.5,73562.0,25511.0,11661.0,,209055.0
724,Coffee,Nakuru,None,Yes,9.98,9.3,2,854.0,60.00693300181265,10.7,84431.0,44413.0,15105.0,,232743.0
725,Dairy,Other,Drip,Yes,5.6,19.6,1,1171.0,78.27486419881195,6.2,39271.0,14433.0,4448.0,3674.827440509266,272084.0
726,Dairy,Other,None,Yes,12.92,13.6,3,823.0,68.61506986261166,34.3,68186.0,54094.0,19039.0,,82718.0
727,Horticulture,Kericho,Manual,Yes,5.29,19.0,4,733.0,44.07939864600804,11.8,64904.0,11830.0,13751.0,2465.6771611541076,249793.0
728,Maize,Kericho,Automated,Yes,6.65,5.6,3,668.0,46.28307373720213,9.9,72204.0,24179.0,12203.0,21892.894030622974,322663.0
729,Coffee,Kiambu,Manual,Yes,6.23,9.5,0,827.0,86.24823694412748,44.8,61774.0,15405.0,4837.0,18192.072130427834,237537.0
730,Horticulture,Nakuru,Manual,No,4.05,16.5,1,858.0,100.0,10.2,29663.0,14941.0,6385.0,11230.521354567467,458527.0
731,Dairy,Nakuru,Manual,No,20.45,18.6,6,1234.0,75.63966769204653,5.3,166702.0,55101.0,24692.0,14496.666410909818,270655.0
732,Coffee,Nakuru,Manual,Yes,4.12,24.2,1,821.0,72.11733532235256,7.9,31681.0,9386.0,4150.0,7601.960994525521,490096.0
733,Horticulture,Other,None,Yes,3.12,20.4,1,823.0,52.8322381047537,26.9,50783.0,4916.0,4818.0,,135532.0
734,Maize,Other,Automated,Yes,6.14,15.9,2,827.0,47.86519703878383,13.3,53172.0,21970.0,12233.0,4872.947977562522,388412.0
735,Dairy,Other,Drip,No,5.71,18.7,1,875.0,56.15565003315878,33.3,46079.0,13517.0,12023.0,11024.948280911081,148905.0
736,Maize,Kiambu,Manual,Yes,1.7,12.4,0,1091.0,78.38244081798089,2.0,25833.0,3823.0,2747.0,3716.5851626336016,253328.0
737,Tea,Other,Manual,Yes,5.47,15.1,2,905.0,46.94257010449341,3.5,46946.0,18526.0,10828.0,6535.843300386347,310013.0
738,Dairy,Nakuru,None,Yes,6.06,20.3,2,882.0,69.30568887058296,24.5,46740.0,29984.0,4089.0,,523788.0
739,Maize,Other,None,No,9.33,14.4,1,884.0,60.781127536544496,19.9,46655.0,25373.0,11363.0,,165058.0
740,Horticulture,Kericho,Drip,Yes,10.39,11.2,3,793.0,72.65058460348914,12.6,86810.0,39982.0,11595.0,26733.543308368466,322611.0
741,Maize,Kericho,Manual,No,9.62,6.0,3,599.0,63.46513076045956,12.2,104793.0,38849.0,11915.0,4219.577383395226,261405.0
742,Maize,Kericho,Manual,Yes,4.18,24.6,2,1042.0,53.855936746990565,24.6,37573.0,5449.0,4698.0,5359.18744447331,266212.0
743,Horticulture,Kiambu,Automated,No,3.51,24.7,3,991.0,61.27435426802231,32.2,13768.0,10833.0,4310.0,18478.788035567854,571038.0
744,Horticulture,Kiambu,None,No,5.41,8.4,2,1136.0,49.33678318631519,16.2,66345.0,20069.0,11146.0,,201761.0
745,Horticulture,Meru,Drip,Yes,5.47,12.4,0,389.0,43.475608214523334,14.2,36591.0,15440.0,11429.0,11840.211589279323,421531.0
746,Horticulture,Other,None,Yes,6.94,22.3,3,680.0,63.91044106704477,12.2,84706.0,18830.0,13112.0,,119217.0
747,Horticulture,Nakuru,Drip,No,9.58,9.0,3,789.0,58.16420193156434,19.4,66877.0,35498.0,16835.0,11810.973350173213,256702.0
748,Coffee,Kiambu,Drip,Yes,3.92,15.1,2,1270.0,79.15002383030964,6.9,50073.0,13137.0,6272.0,5513.544153617711,523123.0
749,Tea,Other,Manual,Yes,11.09,7.5,3,346.0,75.90770727112988,10.0,98559.0,42633.0,5136.0,5206.313366354072,152876.0
750,Dairy,Nakuru,Manual,No,4.36,25.7,0,934.0,58.349496638843,7.3,51795.0,12581.0,3539.0,22462.379026789615,394573.0
751,Horticulture,Kericho,None,No,4.01,15.8,0,1238.0,38.51984940626083,18.7,37484.0,12185.0,8067.0,,179928.0
752,Maize,Kericho,Drip,No,5.3,4.7,2,957.0,58.52288543913362,34.2,57510.0,23541.0,5998.0,5403.599357763577,191355.0
753,Dairy,Other,Drip,No,7.04,8.1,2,801.0,54.728077386730334,4.8,55008.0,22863.0,4780.0,8417.461814177483,206220.0
754,Maize,Other,Manual,Yes,10.23,12.1,3,659.0,55.45406056223852,11.1,52106.0,40464.0,6221.0,13231.213503691986,203677.0
755,Horticulture,Other,Automated,No,4.82,24.6,1,848.0,88.43487738841034,7.8,40105.0,9852.0,8295.0,19574.932856260115,294702.0
756,Tea,Nakuru,None,No,4.23,15.0,0,1039.0,69.35947694747344,8.2,31100.0,16695.0,5335.0,,292432.0
757,Maize,Kiambu,Manual,Yes,17.08,12.2,6,929.0,71.20166687955287,15.3,232785.0,63759.0,23102.0,5966.672068557044,787582.0
758,Maize,Kiambu,None,Yes,0.5,5.8,0,695.0,62.486045629938936,22.2,5426.0,1680.0,837.0,,110785.0
759,Maize,Kiambu,None,No,14.13,38.2,5,1036.0,60.70932469136802,6.8,120341.0,37807.0,21277.0,,518098.0
760,Tea,Meru,Drip,No,17.81,8.0,3,1250.0,,11.7,197110.0,34781.0,11500.0,5291.10444756004,303504.0
761,Dairy,Kiambu,None,No,14.6,13.9,4,990.0,46.34910330985885,16.9,70246.0,20450.0,21079.0,,273559.0
762,Dairy,Nakuru,None,Yes,5.62,9.2,1,801.0,75.58942081243534,23.0,64853.0,17343.0,6079.0,,141985.0
763,Tea,Meru,None,Yes,14.45,7.1,3,595.0,45.413134490440314,16.2,171373.0,25179.0,13096.0,,125400.0
764,Horticulture,Kericho,Automated,No,14.05,7.9,3,998.0,44.857834359180536,7.9,149682.0,58304.0,12688.0,30491.970647352387,484313.0
765,Tea,Meru,None,Yes,5.81,9.1,2,625.0,59.56991395453054,24.3,66632.0,20894.0,9116.0,,221236.0
766,Tea,Nakuru,Manual,No,6.58,6.0,3,1276.0,40.6291645704067,5.1,86922.0,12885.0,7454.0,1347.2749824939133,145009.0
767,Coffee,Uasin Gishu,Manual,Yes,9.32,3.4,2,780.0,52.256883437833295,21.8,57958.0,35352.0,16589.0,1733.7412584235701,219949.0
768,Horticulture,Kiambu,Manual,No,6.41,4.6,1,1468.0,38.099151008003076,3.4,21823.0,32934.0,10366.0,4839.697989322881,310388.0
769,Horticulture,Kericho,None,No,7.23,9.8,2,1114.0,97.37582446431774,5.9,72447.0,24674.0,7843.0,,396433.0
770,Maize,Other,Drip,No,5.96,27.7,3,969.0,71.67451890513944,28.9,41342.0,15927.0,8525.0,25245.147178378582,395705.0
771,Dairy,Nakuru,None,Yes,3.82,13.5,0,684.0,53.91470869716349,17.6,16467.0,8690.0,3211.0,,217789.0
772,Horticulture,Kericho,Drip,No,19.56,14.4,7,1200.0,55.58805855760809,30.9,196597.0,70583.0,22114.0,15995.86828861862,305804.0
773,Maize,Meru,Manual,Yes,3.25,30.5,0,955.0,69.70543108992042,22.0,20058.0,10628.0,3975.0,10060.910612838554,262899.0
774,Tea,Other,Drip,No,14.97,2.8,4,597.0,57.51457701747801,4.9,184756.0,35158.0,21847.0,4068.074245955472,112483.0
775,Maize,Kiambu,Drip,No,2.95,4.9,3,924.0,58.70253700496627,27.2,49797.0,9409.0,3308.0,11478.501344279903,256403.0
776,Coffee,Kiambu,None,No,8.36,8.2,1,810.0,,23.5,85198.0,27884.0,6202.0,,185765.0
777,Horticulture,Other,Drip,Yes,5.54,21.3,2,1277.0,69.23761725682402,14.6,37388.0,17749.0,6103.0,5675.782474055271,364580.0
778,Tea,Uasin Gishu,None,No,10.5,22.2,2,972.0,77.1772925592458,8.6,118657.0,28698.0,11045.0,,292599.0
779,Maize,Nakuru,None,No,7.25,8.4,4,891.0,63.02944096162519,8.8,42229.0,13405.0,6114.0,,129687.0
780,Dairy,Nakuru,Manual,Yes,1.87,31.3,0,1048.0,51.96115626942497,1.0,27241.0,3515.0,3375.0,4105.535160366713,487529.0
781,Tea,Uasin Gishu,Manual,Yes,4.1,11.0,1,752.0,73.81586290987019,23.9,65395.0,11161.0,4447.0,3746.240870402019,152053.0
782,Maize,Other,None,Yes,9.17,29.9,1,555.0,81.60620624229063,18.5,122399.0,29354.0,15344.0,,187944.0
783,Maize,Other,Manual,No,6.76,13.6,4,681.0,60.20514253031376,4.9,25205.0,25844.0,8555.0,16484.342144053764,124574.0
784,Dairy,Nakuru,Automated,Yes,17.45,2.5,3,956.0,36.923032107377644,21.1,184610.0,63696.0,25606.0,7208.986449603573,200167.0
785,Coffee,Kiambu,Automated,Yes,3.84,17.3,1,1175.0,61.96151115123534,5.9,22488.0,9812.0,2853.0,18288.736938767513,746867.0
786,Tea,Meru,None,Yes,8.83,21.1,3,910.0,86.76754246959496,50.8,47474.0,28066.0,12820.0,,169104.0
787,Tea,Nakuru,None,Yes,6.56,12.2,1,1101.0,49.12445081984849,30.9,67528.0,18084.0,8793.0,,336678.0
788,Horticulture,Meru,None,No,8.49,7.1,3,1072.0,92.15031874945628,20.5,61065.0,18255.0,8992.0,,192206.0
789,Tea,Uasin Gishu,None,No,3.34,5.3,0,789.0,81.82373071394733,18.8,25115.0,15581.0,4884.0,,126722.0
790,Maize,Uasin Gishu,Drip,Yes,2.95,12.3,0,1249.0,68.49078792153581,1.0,29889.0,10145.0,4673.0,2208.0362437018794,401979.0
791,Horticulture,Meru,None,Yes,8.34,14.4,4,834.0,67.57828201237523,25.2,86281.0,26770.0,9131.0,,239784.0
792,Horticulture,Other,Manual,Yes,14.64,1.7,6,1041.0,56.83367177578017,48.2,105207.0,52027.0,15907.0,21765.323391285157,187013.0
793,Horticulture,Meru,Automated,Yes,19.69,7.8,5,1082.0,42.11092259699598,5.3,217630.0,56587.0,19363.0,2279.9525996422663,368227.0
794,Horticulture,Kericho,None,Yes,3.92,29.2,2,1215.0,66.62970382450645,9.9,37571.0,6553.0,6479.0,,334751.0
795,Maize,Nakuru,Drip,No,4.31,9.8,1,1445.0,77.30972631566738,12.9,50439.0,17358.0,3872.0,5665.285435486149,207261.0
796,Maize,Uasin Gishu,None,No,3.7,3.7,3,793.0,35.44847575992425,5.2,0.0,19642.0,6251.0,,116908.0
797,Dairy,Uasin Gishu,None,Yes,27.09,6.4,7,895.0,89.56621747056657,5.6,285219.0,77862.0,46525.0,,234311.0
798,Tea,Kiambu,None,Yes,3.24,11.3,1,1334.0,59.17736988641995,18.5,47784.0,11256.0,5368.0,,176384.0
799,Horticulture,Kiambu,Automated,No,2.03,4.4,2,949.0,55.762384103890994,42.0,32391.0,5587.0,1031.0,5809.436363351421,220439.0
800,Dairy,Other,Manual,Yes,5.3,31.4,2,917.0,57.64548110660494,52.7,59521.0,17142.0,9557.0,12438.334290472527,356555.0
801,Horticulture,Uasin Gishu,Manual,Yes,9.23,24.1,4,851.0,69.35905868917602,8.6,120381.0,19586.0,10098.0,6246.107301050125,481100.0
802,Maize,Kiambu,Drip,No,11.36,5.4,5,1108.0,34.24921704635935,18.8,103430.0,24473.0,6145.0,6615.122997563861,110504.0
803,Coffee,Kericho,None,Yes,1.2,22.4,3,1059.0,40.78372490759678,26.2,0.0,2803.0,1947.0,,258123.0
804,Coffee,Nakuru,Drip,Yes,3.94,9.3,1,842.0,26.097974401772518,15.2,15692.0,13196.0,7267.0,5371.681887533608,136451.0
805,Maize,Uasin Gishu,None,Yes,14.79,9.4,5,899.0,72.0359722206993,14.4,118778.0,18436.0,22395.0,,124983.0
806,Maize,Other,Drip,No,8.99,8.5,3,886.0,,21.9,69560.0,27243.0,14604.0,2578.508424730388,79678.0
807,Coffee,Nakuru,None,No,15.18,5.5,3,1276.0,60.50912136748988,15.2,165169.0,45340.0,29246.0,,256620.0
808,Maize,Kiambu,Manual,Yes,3.61,11.9,1,1265.0,79.3342166327923,29.1,23135.0,13094.0,2375.0,3681.934184965847,343212.0
809,Maize,Nakuru,None,Yes,13.09,2.3,2,1069.0,40.20527579935799,60.1,159356.0,49833.0,24707.0,,115365.0
810,Tea,Uasin Gishu,Drip,No,7.44,13.6,1,1566.0,87.87197042929826,45.2,78946.0,16211.0,12920.0,4099.0573643291555,297840.0
811,Dairy,Other,Drip,Yes,8.17,4.8,2,893.0,,4.1,52840.0,23707.0,12498.0,6419.840260306094,178452.0
812,Maize,Meru,Manual,Yes,7.26,6.8,2,632.0,53.28597002070278,23.4,44352.0,22553.0,13082.0,3743.093150771538,108265.0
813,Tea,Kiambu,Manual,Yes,9.64,7.1,2,604.0,58.17727016892265,4.5,129063.0,21717.0,19346.0,4400.939597648577,167484.0
814,Tea,Nakuru,Drip,No,10.56,17.7,5,1065.0,75.39426228334764,11.4,118303.0,38405.0,18511.0,6595.46319806139,355089.0
815,Maize,Uasin Gishu,None,No,11.01,4.9,3,1064.0,70.21611419136882,10.1,134391.0,65276.0,16019.0,,153815.0
816,Coffee,Meru,Drip,Yes,1.95,32.5,1,1091.0,69.98539309338605,29.1,0.0,6874.0,1540.0,13079.033607133675,431598.0
817,Dairy,Other,Automated,Yes,11.61,26.2,4,463.0,61.92371613765051,6.5,113013.0,35091.0,14176.0,3615.7338982057754,705223.0
818,Horticulture,Uasin Gishu,None,Yes,8.01,12.9,0,749.0,66.30069852060089,32.5,67285.0,37310.0,8279.0,,153938.0
819,Maize,Nakuru,None,Yes,8.7,6.6,1,882.0,76.27423695464681,1.3,106197.0,40832.0,18673.0,,185624.0
820,Dairy,Uasin Gishu,None,Yes,6.82,12.5,0,713.0,81.31295272111115,6.8,64534.0,21153.0,6432.0,,202327.0
821,Tea,Kericho,None,Yes,5.91,14.5,1,951.0,11.818873207077402,36.3,53696.0,17742.0,5845.0,,136578.0
822,Maize,Nakuru,None,No,12.21,6.2,3,784.0,68.00420216403741,37.0,174293.0,37909.0,8476.0,,179506.0
823,Maize,Other,None,Yes,3.02,18.4,3,1010.0,48.07090003499744,8.1,34988.0,4520.0,5523.0,,288554.0
824,Maize,Kericho,Manual,No,8.27,7.9,4,1353.0,61.22169316244275,19.5,58828.0,23547.0,16121.0,3905.547468349557,147142.0
825,Maize,Meru,None,No,8.44,13.0,4,1074.0,51.30964520943524,4.5,98119.0,36492.0,13543.0,,206222.0
826,Tea,Kiambu,Manual,No,4.55,19.0,1,782.0,16.467015971934543,13.3,64558.0,13467.0,7498.0,11410.181102017188,203002.0
827,Horticulture,Other,None,Yes,8.59,8.8,3,826.0,73.98137059612029,9.0,78229.0,33762.0,11231.0,,97866.0
828,Tea,Kericho,Manual,No,7.37,10.4,5,1061.0,30.6240115296668,9.3,17030.0,9673.0,10804.0,7530.542131757126,295052.0
829,Horticulture,Other,None,Yes,7.78,5.0,1,928.0,90.43904044490257,24.7,63667.0,23171.0,14728.0,,506584.0
830,Horticulture,Nakuru,None,Yes,10.11,16.2,3,973.0,74.87221109299017,11.8,63393.0,37987.0,7096.0,,271852.0
831,Tea,Uasin Gishu,None,Yes,1.25,14.3,0,1499.0,22.677145054354128,12.4,6286.0,6119.0,1540.0,,145281.0
832,Maize,Meru,None,Yes,2.14,13.6,0,927.0,70.95393506509127,43.3,0.0,5744.0,4318.0,,123948.0
833,Maize,Kiambu,Manual,No,9.19,14.3,3,1217.0,53.231321354736046,15.0,80359.0,32738.0,15483.0,2622.397150744544,230443.0
834,Maize,Nakuru,Drip,Yes,7.31,10.0,2,951.0,63.67350337338323,14.3,108024.0,17414.0,7493.0,3420.3053427629748,211709.0
835,Maize,Uasin Gishu,Drip,Yes,8.64,29.5,0,845.0,39.4730488134512,11.7,75307.0,26014.0,10475.0,25572.411952725586,355274.0
836,Dairy,Kiambu,Drip,Yes,3.13,10.4,2,1180.0,50.03609716338661,17.9,25782.0,9871.0,2587.0,15473.32328665723,232920.0
837,Maize,Other,None,Yes,5.69,17.5,0,1043.0,39.27654917986157,11.5,28943.0,16894.0,8236.0,,175041.0
838,Horticulture,Meru,None,No,1.61,4.3,1,1116.0,84.50086136719136,1.3,0.0,5123.0,2487.0,,288233.0
839,Coffee,Kiambu,Manual,No,2.38,3.9,1,1012.0,64.08207026697008,13.8,21025.0,7816.0,1865.0,9549.151017012664,136139.0
840,Horticulture,Nakuru,Drip,Yes,7.08,11.9,1,977.0,50.2306758491478,11.9,85242.0,12749.0,10391.0,2242.2718835790442,309760.0
841,Horticulture,Kericho,None,Yes,3.37,11.9,0,1163.0,83.85531703981586,27.7,26082.0,12008.0,5460.0,,328813.0
842,Maize,Other,Drip,Yes,7.72,2.1,1,1143.0,41.267773259315575,18.9,54978.0,20552.0,11261.0,6107.536831124922,92386.0
843,Horticulture,Nakuru,Automated,Yes,13.48,9.3,5,1224.0,81.45084165018649,25.0,77162.0,33538.0,18873.0,17410.16042401593,368152.0
844,Horticulture,Uasin Gishu,Automated,Yes,9.98,27.4,4,986.0,58.13009277377772,26.8,100643.0,50269.0,13776.0,4034.9568053151356,783774.0
845,Maize,Other,None,No,2.75,6.0,0,863.0,88.70370711785739,40.8,2802.0,11795.0,4814.0,,59481.0
846,Maize,Kericho,Automated,Yes,3.94,27.9,0,822.0,47.990925818600545,22.7,31522.0,11728.0,8059.0,7927.288370792425,401889.0
847,Tea,Kericho,Manual,No,0.7,6.9,0,645.0,46.06775163675179,12.1,0.0,1984.0,1251.0,1960.5214310433626,154062.0
848,Maize,Other,Automated,Yes,6.29,5.1,3,1011.0,51.95243446200679,2.6,98887.0,11483.0,8801.0,4272.870001928195,196588.0
849,Horticulture,Meru,None,No,3.79,26.4,1,1300.0,,26.1,22386.0,9104.0,6493.0,,348923.0
850,Maize,Kiambu,Manual,No,19.03,5.2,6,1088.0,52.57073735208731,15.6,166817.0,67533.0,18819.0,12095.6858435722,185543.0
